id,width,source,url,updated_at,height,created_at,workout_id,medium_type,exif_datetime,thumbnail_url,exif_location_latitude,exif_location_longitude
318814152,1206,library,https://cdn.gymrats.app/fb732994-0c98-42bc-bf4f-baccbd7f6c2b.jpg,2025-07-17T10:47:17,864,2025-07-17T10:47:17,288863717,image/jpg,,,,
318752207,1206,library,https://cdn.gymrats.app/95fb492a-2251-4b54-b38f-f3a0181e0688.jpg,2025-07-17T09:15:23,1206,2025-07-17T09:15:23,288863717,image/jpg,2025-07-17T09:12:04,,,
318787739,1290,library,https://cdn.gymrats.app/e789a959-bfad-4ecd-b189-47d3708df7f4.jpg,2025-07-17T10:12:57,2796,2025-07-17T10:12:57,288898823,image/jpg,,,,
318802487,738,library,https://cdn.gymrats.app/ae228adc-8b79-4c3f-b4c1-5429d849fb67.jpg,2025-07-17T10:32:10,1600,2025-07-17T10:32:10,288913230,image/jpg,,,,
318939418,1400,library,https://cdn.gymrats.app/6e867875-1a04-4e3d-87e6-41725c93b166.jpg,2025-07-17T13:27:52,1866,2025-07-17T13:27:52,289045686,image/jpg,,,,
319046009,1400,library,https://cdn.gymrats.app/7600c951-88eb-481f-bf94-b4b1c2274963.jpg,2025-07-17T15:55:22,1866,2025-07-17T15:55:22,289148770,image/jpg,,https://cdn.gymrats.app/7600c951-88eb-481f-bf94-b4b1c2274963.jpg,,
319049035,1400,library,https://cdn.gymrats.app/6a0efd27-5292-4a94-b13b-07fcebac29d4.jpg,2025-07-17T15:59:14,1866,2025-07-17T15:59:14,289151686,image/jpg,,,,
319049034,1178,library,https://cdn.gymrats.app/294e1d64-b464-4780-8f4b-adc8cd9533d3.jpg,2025-07-17T15:59:14,2556,2025-07-17T15:59:14,289151686,image/jpg,,,,
319052207,1400,library,https://cdn.gymrats.app/46417051-be32-4a7b-9568-22432c1e73fa.jpg,2025-07-17T16:03:00,2488,2025-07-17T16:03:00,289154711,image/jpg,2025-07-17T09:39:43,,,
319341790,1400,camera,https://cdn.gymrats.app/d57186b5-23c9-4e85-a140-a029fe1ce05d.jpg,2025-07-17T21:56:08,1866,2025-07-17T21:56:08,289427666,image/jpg,,https://cdn.gymrats.app/d57186b5-23c9-4e85-a140-a029fe1ce05d.jpg,,
319365234,1080,camera,https://cdn.gymrats.app/ca039614-082e-47b4-baae-270c54c02ed0.jpg,2025-07-17T22:10:19,1440,2025-07-17T22:10:19,289449814,image/jpg,,https://cdn.gymrats.app/ca039614-082e-47b4-baae-270c54c02ed0.jpg,,
319460359,1400,camera,https://cdn.gymrats.app/26174afa-c207-4e17-9d80-d25ad1d08ec8.jpg,2025-07-17T23:04:39,1866,2025-07-17T23:04:39,289453672,image/jpg,,,,
319374029,1400,camera,https://cdn.gymrats.app/4b15fd5c-56f1-4fe5-ab83-90a68887f047.jpg,2025-07-17T22:15:23,1866,2025-07-17T22:15:23,289458050,image/jpg,,,,
319407468,1170,library,https://cdn.gymrats.app/2e9cdf07-2421-4f21-a0f6-d83819eb4d24.jpg,2025-07-17T22:34:56,2532,2025-07-17T22:34:56,289473770,image/jpg,,,,
319411876,1400,library,https://cdn.gymrats.app/8e288196-b88a-4620-8dff-b98de98f4d77.jpg,2025-07-17T22:37:37,3111,2025-07-17T22:37:37,289493170,image/jpg,,https://cdn.gymrats.app/8e288196-b88a-4620-8dff-b98de98f4d77.jpg,,
319416576,1201,library,https://cdn.gymrats.app/4a3baa98-2c08-4230-9670-eb540f7a8fb4.jpg,2025-07-17T22:40:23,1201,2025-07-17T22:40:23,289497622,image/jpg,,,-12.955696666666666,-38.436425
319417576,1400,library,https://cdn.gymrats.app/8409f01f-a62a-46c1-a9a9-bdebeb883e5b.jpg,2025-07-17T22:40:58,2488,2025-07-17T22:40:58,289498580,image/jpg,,,,
319516260,1178,library,https://cdn.gymrats.app/3bde6284-8ccf-4813-813f-b60a180bfdb2.jpg,2025-07-17T23:34:26,2556,2025-07-17T23:34:26,289533063,image/jpg,,,,
319597347,828,library,https://cdn.gymrats.app/06c06772-b0a8-4c78-9c3b-3f0d706ec6d9.jpg,2025-07-18T00:19:29,1792,2025-07-18T00:19:29,289561354,image/jpg,,,,
319509802,1290,library,https://cdn.gymrats.app/8f731547-1ecc-4d5b-be13-ac857268dd02.jpg,2025-07-17T23:30:58,2010,2025-07-17T23:30:58,289583300,image/jpg,,,,
319509801,1400,library,https://cdn.gymrats.app/dcc526ea-0bf4-4eb8-baee-185caaba45a2.jpg,2025-07-17T23:30:58,1866,2025-07-17T23:30:58,289583300,image/jpg,,,,
319552905,1400,library,https://cdn.gymrats.app/42be015b-55da-4511-b9bb-13e6bf1800d9.jpg,2025-07-17T23:54:59,1749,2025-07-17T23:54:59,289622742,image/jpg,2025-07-17T23:49:35,https://cdn.gymrats.app/42be015b-55da-4511-b9bb-13e6bf1800d9.jpg,,
319561129,1400,camera,https://cdn.gymrats.app/c5e5fea5-d526-4d27-8245-c9ead17a7dac.jpg,2025-07-17T23:59:53,1866,2025-07-17T23:59:53,289630388,image/jpg,2025-07-17T23:57:33,https://cdn.gymrats.app/c5e5fea5-d526-4d27-8245-c9ead17a7dac.jpg,,
319610064,1400,camera,https://cdn.gymrats.app/73c7e54e-4dcd-466d-9773-9cc435b0c4b6.jpg,2025-07-18T00:26:58,1866,2025-07-18T00:26:58,289674280,image/jpg,,,,
319625064,1290,library,https://cdn.gymrats.app/72bfe60a-e837-4ead-a2b6-5117a0d43b0f.jpg,2025-07-18T00:36:05,2292,2025-07-18T00:36:05,289687451,image/jpg,,,,
319629756,1400,library,https://cdn.gymrats.app/0fa3754e-b317-474b-a5ba-76029aa320a3.jpg,2025-07-18T00:38:56,1866,2025-07-18T00:38:56,289691885,image/jpg,2025-07-17T23:54:52,,,
319642032,1080,library,https://cdn.gymrats.app/dcfd1e1a-bf77-45c7-8ca3-6bcb5b34bcfc.mp4,2025-07-18T00:46:58,1920,2025-07-18T00:46:58,289702755,video/mp4,,https://cdn.gymrats.app/3f31763a-2916-4c5a-88db-24116b2cb84f.jpg,,
319642031,1080,library,https://cdn.gymrats.app/b127ed43-578a-489f-8dee-20ee7cce4fb1.jpg,2025-07-18T00:46:58,2340,2025-07-18T00:46:58,289702755,image/jpg,,https://cdn.gymrats.app/b127ed43-578a-489f-8dee-20ee7cce4fb1.jpg,,
319658784,1400,library,https://cdn.gymrats.app/96f205fe-1452-4f88-a1e7-4da8c67b9d33.jpg,2025-07-18T00:58:01,1866,2025-07-18T00:58:01,289717472,image/jpg,,,,
319658783,1284,library,https://cdn.gymrats.app/4bd74187-9d01-47b3-9504-3e1fd7d2eba3.jpg,2025-07-18T00:58:01,2778,2025-07-18T00:58:01,289717472,image/jpg,,,,
319662060,1400,camera,https://cdn.gymrats.app/1c1bf86b-e9e4-4cde-baf4-16f0a9782926.jpg,2025-07-18T01:00:13,1866,2025-07-18T01:00:13,289720341,image/jpg,,https://cdn.gymrats.app/1c1bf86b-e9e4-4cde-baf4-16f0a9782926.jpg,,
319681271,1080,library,https://cdn.gymrats.app/cce01081-d1f3-4c0f-beee-d35f9be4bdfb.jpg,2025-07-18T01:14:14,1140,2025-07-18T01:14:14,289737289,image/jpg,,https://cdn.gymrats.app/cce01081-d1f3-4c0f-beee-d35f9be4bdfb.jpg,,
319713745,1080,library,https://cdn.gymrats.app/6ba70449-ff14-4b63-95c2-579157a078a8.jpg,2025-07-18T01:42:07,2292,2025-07-18T01:42:07,289765291,image/jpg,,https://cdn.gymrats.app/6ba70449-ff14-4b63-95c2-579157a078a8.jpg,,
319713744,1400,library,https://cdn.gymrats.app/03f47555-e59c-42a6-8877-e139f6b1b860.jpg,2025-07-18T01:42:07,1866,2025-07-18T01:42:07,289765291,image/jpg,,https://cdn.gymrats.app/03f47555-e59c-42a6-8877-e139f6b1b860.jpg,,
319713743,1400,library,https://cdn.gymrats.app/e544ec23-38c8-4874-b088-92474dcc394a.jpg,2025-07-18T01:42:07,1866,2025-07-18T01:42:07,289765291,image/jpg,,https://cdn.gymrats.app/e544ec23-38c8-4874-b088-92474dcc394a.jpg,,
319810067,1116,library,https://cdn.gymrats.app/27f76751-0714-4dea-82bc-0bea3ba1836b.jpg,2025-07-18T09:28:01,738,2025-07-18T09:28:01,289839102,image/jpg,2025-07-18T09:23:49,,,
319797808,1400,camera,https://cdn.gymrats.app/584b8276-f51e-408d-872d-819ccd57a032.jpg,2025-07-18T08:50:51,1866,2025-07-18T08:50:51,289839102,image/jpg,2025-07-18T08:50:49,,,
319814568,1400,library,https://cdn.gymrats.app/e5c8e06b-55f1-449e-9c86-fdf8f6db313b.jpg,2025-07-18T09:38:09,1866,2025-07-18T09:38:09,289855756,image/jpg,,https://cdn.gymrats.app/e5c8e06b-55f1-449e-9c86-fdf8f6db313b.jpg,,
319817104,1178,library,https://cdn.gymrats.app/b15ba52e-fb08-4bab-b712-34b1fe105e6e.jpg,2025-07-18T09:43:26,2556,2025-07-18T09:43:26,289858193,image/jpg,,,,
319828563,1400,library,https://cdn.gymrats.app/a239333e-b779-41b6-85fd-aa050f65bd63.jpg,2025-07-18T10:01:59,1866,2025-07-18T10:01:59,289869312,image/jpg,,,,
319828562,1178,library,https://cdn.gymrats.app/102d71b1-d380-40cd-9409-55054c42f5d5.jpg,2025-07-18T10:01:59,2556,2025-07-18T10:01:59,289869312,image/jpg,,,,
319833180,1400,camera,https://cdn.gymrats.app/35be4452-1e68-4682-855b-2420b5fe2045.jpg,2025-07-18T10:07:49,1866,2025-07-18T10:07:49,289873923,image/jpg,2025-07-18T10:07:47,,,
319855647,1290,library,https://cdn.gymrats.app/c7fc7d6b-419f-4c0a-b917-dac72ec8aa70.jpg,2025-07-18T10:39:06,2796,2025-07-18T10:39:06,289896046,image/jpg,,,,
319856860,828,library,https://cdn.gymrats.app/f3d70f90-0a2e-4a8a-86e0-df56ab16f879.jpg,2025-07-18T10:40:40,1792,2025-07-18T10:40:40,289897203,image/jpg,,,,
319904126,1170,library,https://cdn.gymrats.app/4240731c-5c7b-4281-aba6-f7ee53028106.jpg,2025-07-18T11:38:45,2080,2025-07-18T11:38:45,289943425,image/jpg,2025-07-18T09:58:30,,,
320102740,1178,library,https://cdn.gymrats.app/f14dcdff-1b42-4d80-8f23-a8874a59b7e5.jpg,2025-07-18T16:21:17,2556,2025-07-18T16:21:17,290133551,image/jpg,,,,
320354960,1080,camera,https://cdn.gymrats.app/341cbe7c-23fa-4b66-a115-e9e6f949675c.jpg,2025-07-18T21:49:38,1440,2025-07-18T21:49:38,290370908,image/jpg,,https://cdn.gymrats.app/341cbe7c-23fa-4b66-a115-e9e6f949675c.jpg,,
320374823,1400,camera,https://cdn.gymrats.app/f4243116-b7ac-4f15-a4ec-138b437ca696.jpg,2025-07-18T22:04:14,1866,2025-07-18T22:04:14,290389442,image/jpg,,,,
320430462,1400,library,https://cdn.gymrats.app/743264bd-b9df-436a-86d9-7fc5cece42fc.jpg,2025-07-18T22:44:24,2488,2025-07-18T22:44:24,290440634,image/jpg,,,-12.955471666666666,-38.43642833333333
320453881,1400,library,https://cdn.gymrats.app/8ae277d4-cdc5-4ed1-84fb-4b8a9b131539.jpg,2025-07-18T23:01:38,1866,2025-07-18T23:01:38,290462248,image/jpg,,,,
320476472,1400,library,https://cdn.gymrats.app/5a5515d3-3298-43c4-a9b8-a72f30ad7b8b.jpg,2025-07-18T23:17:55,1651,2025-07-18T23:17:55,290482806,image/jpg,,,,
320503452,1080,library,https://cdn.gymrats.app/c95fb7f2-ed58-4795-8b0c-75f50d34542c.jpg,2025-07-18T23:38:15,2400,2025-07-18T23:38:15,290507060,image/jpg,2025-07-18T23:36:12,https://cdn.gymrats.app/c95fb7f2-ed58-4795-8b0c-75f50d34542c.jpg,,
320512869,1400,library,https://cdn.gymrats.app/f8a58400-08a0-420e-9f2d-3bd76f8f0d53.jpg,2025-07-18T23:45:35,1404,2025-07-18T23:45:35,290514484,image/jpg,,,,
320517038,1074,library,https://cdn.gymrats.app/e0b46de1-1227-496b-b999-9f70a6e51df1.jpg,2025-07-18T23:48:46,1888,2025-07-18T23:48:46,290519088,image/jpg,,,,
320523756,1290,library,https://cdn.gymrats.app/93ca3735-64ce-482c-a26d-edd10e1d1ac0.jpg,2025-07-18T23:54:22,434,2025-07-18T23:54:22,290525029,image/jpg,,,,
320523755,1290,library,https://cdn.gymrats.app/e27297ab-8192-46a1-ac5c-ca7a758dcf08.jpg,2025-07-18T23:54:22,1982,2025-07-18T23:54:22,290525029,image/jpg,,,,
320523754,1400,library,https://cdn.gymrats.app/9a4d3af3-fe06-46c2-a0c5-d3d0eb0f914f.jpg,2025-07-18T23:54:22,1866,2025-07-18T23:54:22,290525029,image/jpg,,,,
320548381,1400,camera,https://cdn.gymrats.app/bb519711-b5de-4daa-ac54-a9fb88ac11b2.jpg,2025-07-19T00:14:09,1866,2025-07-19T00:14:09,290546933,image/jpg,,,,
320554062,1400,library,https://cdn.gymrats.app/bdca741b-d22a-4004-b7eb-fda999dbdd54.jpg,2025-07-19T00:19:08,1866,2025-07-19T00:19:08,290551945,image/jpg,,https://cdn.gymrats.app/bdca741b-d22a-4004-b7eb-fda999dbdd54.jpg,,
320559490,1080,library,https://cdn.gymrats.app/9ab575f1-421c-444c-a7fd-3a08d05020ad.jpg,2025-07-19T00:23:38,2340,2025-07-19T00:23:38,290556652,image/jpg,2025-07-19T00:22:48,https://cdn.gymrats.app/9ab575f1-421c-444c-a7fd-3a08d05020ad.jpg,,
320584995,1400,library,https://cdn.gymrats.app/c4221f26-46a9-46cf-9b08-c99be3f900d6.jpg,2025-07-19T00:47:17,1866,2025-07-19T00:47:17,290579055,image/jpg,2025-07-19T00:45:08,https://cdn.gymrats.app/c4221f26-46a9-46cf-9b08-c99be3f900d6.jpg,,
320597879,1080,library,https://cdn.gymrats.app/3bc47582-6b13-4afa-be9e-1a978705dc7f.jpg,2025-07-19T01:00:12,2400,2025-07-19T01:00:12,290590300,image/jpg,,https://cdn.gymrats.app/3bc47582-6b13-4afa-be9e-1a978705dc7f.jpg,,
320597878,1080,library,https://cdn.gymrats.app/a2ed5e29-5b0f-491e-8627-011472aa285b.jpg,2025-07-19T01:00:12,2400,2025-07-19T01:00:12,290590300,image/jpg,,https://cdn.gymrats.app/a2ed5e29-5b0f-491e-8627-011472aa285b.jpg,,
320626144,1400,library,https://cdn.gymrats.app/54f449ed-3e13-4500-be2c-4840317b23b3.jpg,2025-07-19T01:31:35,1866,2025-07-19T01:31:35,290614572,image/jpg,,https://cdn.gymrats.app/54f449ed-3e13-4500-be2c-4840317b23b3.jpg,,
320626143,1080,library,https://cdn.gymrats.app/c10dfc06-c080-4887-a046-428f9c743755.jpg,2025-07-19T01:31:35,1523,2025-07-19T01:31:35,290614572,image/jpg,,https://cdn.gymrats.app/c10dfc06-c080-4887-a046-428f9c743755.jpg,,
320626142,1400,library,https://cdn.gymrats.app/4b27d728-1b07-4cfa-b32f-458020f646c3.jpg,2025-07-19T01:31:35,1866,2025-07-19T01:31:35,290614572,image/jpg,,https://cdn.gymrats.app/4b27d728-1b07-4cfa-b32f-458020f646c3.jpg,,
320659735,1400,library,https://cdn.gymrats.app/06d3622e-c5e4-48c5-9d9b-506ba66c82e7.jpg,2025-07-19T02:24:49,1866,2025-07-19T02:24:49,290643416,image/jpg,2025-07-19T02:13:29,,,
320707647,1400,library,https://cdn.gymrats.app/a6709258-804f-4e28-86e8-9e117025d51a.jpg,2025-07-19T10:25:42,2488,2025-07-19T10:25:42,290687442,image/jpg,,https://cdn.gymrats.app/a6709258-804f-4e28-86e8-9e117025d51a.jpg,,
320707646,988,library,https://cdn.gymrats.app/a0400836-1b3c-4d2f-bd31-dfbc1b0187d7.jpg,2025-07-19T10:25:42,1317,2025-07-19T10:25:42,290687442,image/jpg,,https://cdn.gymrats.app/a0400836-1b3c-4d2f-bd31-dfbc1b0187d7.jpg,,
320707735,1400,library,https://cdn.gymrats.app/68e6f6f4-bcce-4c29-9733-c660f240c9c7.jpg,2025-07-19T10:26:14,787,2025-07-19T10:26:14,290687525,image/jpg,,https://cdn.gymrats.app/68e6f6f4-bcce-4c29-9733-c660f240c9c7.jpg,,
320717231,1400,library,https://cdn.gymrats.app/0a276224-5f3c-4361-9f03-d70dffee7186.jpg,2025-07-19T11:01:10,1866,2025-07-19T11:01:10,290696412,image/jpg,,,,
320717578,1400,library,https://cdn.gymrats.app/ef715a49-002a-4929-8f6f-7f2f176023b4.jpg,2025-07-19T11:02:07,1866,2025-07-19T11:02:07,290696745,image/jpg,2025-07-19T09:58:11,https://cdn.gymrats.app/ef715a49-002a-4929-8f6f-7f2f176023b4.jpg,,
320732316,1100,library,https://cdn.gymrats.app/281e1547-b3c4-48c3-bbd4-0745fcdb6b3c.jpg,2025-07-19T11:38:07,794,2025-07-19T11:38:07,290698837,image/jpg,2025-07-19T11:36:51,,,
320719871,1400,camera,https://cdn.gymrats.app/c37926da-30bd-4402-81d2-d41aa5a6d52d.jpg,2025-07-19T11:08:00,1866,2025-07-19T11:08:00,290698837,image/jpg,2025-07-19T11:07:57,,,
320727047,1080,camera,https://cdn.gymrats.app/fdf9dea8-9976-4b86-b0a8-de6674022bec.jpg,2025-07-19T11:26:09,1440,2025-07-19T11:26:09,290705839,image/jpg,,https://cdn.gymrats.app/fdf9dea8-9976-4b86-b0a8-de6674022bec.jpg,,
320742731,1400,camera,https://cdn.gymrats.app/46d67de1-bb1d-4176-8e53-cd7612163a5d.jpg,2025-07-19T11:59:13,1866,2025-07-19T11:59:13,290721220,image/jpg,2025-07-19T11:59:11,,,
320749683,1400,library,https://cdn.gymrats.app/6b43bf0e-8a17-44ee-9483-f4fcb7e399b2.jpg,2025-07-19T12:10:10,1866,2025-07-19T12:10:10,290728091,image/jpg,2025-07-19T11:09:17,https://cdn.gymrats.app/6b43bf0e-8a17-44ee-9483-f4fcb7e399b2.jpg,,
320764337,1080,library,https://cdn.gymrats.app/7c8bcebd-dbca-4782-92b4-060a4c350eb7.jpg,2025-07-19T12:31:29,2400,2025-07-19T12:31:29,290742326,image/jpg,,https://cdn.gymrats.app/7c8bcebd-dbca-4782-92b4-060a4c350eb7.jpg,,
320767187,1290,library,https://cdn.gymrats.app/f02b030a-8322-4f0e-859c-9d93c47c7461.jpg,2025-07-19T12:35:31,2276,2025-07-19T12:35:31,290745055,image/jpg,,,,
320767186,1290,library,https://cdn.gymrats.app/415f587c-abef-4b59-810a-335291c0232a.jpg,2025-07-19T12:35:31,2292,2025-07-19T12:35:31,290745055,image/jpg,,,,
320778458,1400,library,https://cdn.gymrats.app/441282ac-143b-4d7b-80e8-f5e02417edb5.jpg,2025-07-19T12:50:37,1866,2025-07-19T12:50:37,290750399,image/jpg,,,,
320792805,1400,library,https://cdn.gymrats.app/44c957c6-070b-4031-9df1-bc8ee695d89d.jpg,2025-07-19T13:06:12,1866,2025-07-19T13:06:12,290768644,image/jpg,,,,
320827510,1400,camera,https://cdn.gymrats.app/fea4dbc9-04b2-4513-b395-0fd7424e3f07.jpg,2025-07-19T13:41:37,1866,2025-07-19T13:41:37,290802772,image/jpg,,,,
320837669,1400,camera,https://cdn.gymrats.app/e8a3664c-cf0b-48a0-ba64-0e53d54b4eb2.jpg,2025-07-19T13:51:10,1866,2025-07-19T13:51:10,290812314,image/jpg,2025-07-19T13:51:08,,,
320847703,1400,library,https://cdn.gymrats.app/39278c46-0998-4a9c-bc36-802bc1bb7482.jpg,2025-07-19T14:00:13,787,2025-07-19T14:00:13,290821737,image/jpg,,https://cdn.gymrats.app/39278c46-0998-4a9c-bc36-802bc1bb7482.jpg,,
320915806,1400,library,https://cdn.gymrats.app/249a0f6f-d894-44ef-b092-644a1e76026d.jpg,2025-07-19T14:56:37,1866,2025-07-19T14:56:37,290870514,image/jpg,,,,
320903150,1400,library,https://cdn.gymrats.app/a2644eed-0bf8-43b0-8a63-54421b3a9d2b.jpg,2025-07-19T14:46:22,1866,2025-07-19T14:46:22,290870514,image/jpg,,,,
320903149,1290,library,https://cdn.gymrats.app/efbab54f-3924-41a5-9002-cdb34bddc6a6.jpg,2025-07-19T14:46:22,1976,2025-07-19T14:46:22,290870514,image/jpg,,,,
320903148,1400,library,https://cdn.gymrats.app/d9518ae5-52db-4a9a-97e5-900f0a83174f.jpg,2025-07-19T14:46:22,1866,2025-07-19T14:46:22,290870514,image/jpg,,,,
320903146,1400,library,https://cdn.gymrats.app/9984cd52-60c9-4b3e-a2c8-80cbab41d1ee.jpg,2025-07-19T14:46:22,1866,2025-07-19T14:46:22,290870514,image/jpg,,,,
320901027,1400,camera,https://cdn.gymrats.app/2f17f245-28ac-4a6f-8f72-7db393b7a195.jpg,2025-07-19T14:44:38,1866,2025-07-19T14:44:38,290871775,image/jpg,,,,
320960964,540,library,https://cdn.gymrats.app/68f4ca46-4619-4a64-8a62-55e62519697d.mp4,2025-07-19T15:33:36,960,2025-07-19T15:33:36,290928143,video/mp4,,https://cdn.gymrats.app/60a22396-a1cd-45a3-98cb-776ae5b2ccf6.jpg,,
320980039,1178,library,https://cdn.gymrats.app/e911c818-b1e4-4b20-8bf9-fe6dc4b27bbe.jpg,2025-07-19T15:51:28,2556,2025-07-19T15:51:28,290945846,image/jpg,,,,
321014610,1400,library,https://cdn.gymrats.app/af7fabfe-13e7-4d33-b048-0231da01fa73.jpg,2025-07-19T16:26:05,1866,2025-07-19T16:26:05,290977505,image/jpg,,https://cdn.gymrats.app/af7fabfe-13e7-4d33-b048-0231da01fa73.jpg,,
321014609,1400,library,https://cdn.gymrats.app/0d9f7220-3b98-46b7-8170-e20a93f0e08e.jpg,2025-07-19T16:26:05,1866,2025-07-19T16:26:05,290977505,image/jpg,,https://cdn.gymrats.app/0d9f7220-3b98-46b7-8170-e20a93f0e08e.jpg,,
321014608,1080,library,https://cdn.gymrats.app/814787e4-4b11-4e39-bbe5-94167f41b8ca.jpg,2025-07-19T16:26:05,1514,2025-07-19T16:26:05,290977505,image/jpg,,https://cdn.gymrats.app/814787e4-4b11-4e39-bbe5-94167f41b8ca.jpg,,
321016726,1400,library,https://cdn.gymrats.app/b492ab68-f96d-4a0e-b263-a517e663743a.jpg,2025-07-19T16:28:20,1866,2025-07-19T16:28:20,290979412,image/jpg,,https://cdn.gymrats.app/b492ab68-f96d-4a0e-b263-a517e663743a.jpg,,
321016725,1399,library,https://cdn.gymrats.app/cb3ef8a2-74a4-43c2-b194-b5bc005e6f60.jpg,2025-07-19T16:28:20,2488,2025-07-19T16:28:20,290979412,image/jpg,,https://cdn.gymrats.app/cb3ef8a2-74a4-43c2-b194-b5bc005e6f60.jpg,,
321016724,1080,library,https://cdn.gymrats.app/9df101d7-83c6-4c11-8503-c99f44eb3e94.jpg,2025-07-19T16:28:20,2340,2025-07-19T16:28:20,290979412,image/jpg,,https://cdn.gymrats.app/9df101d7-83c6-4c11-8503-c99f44eb3e94.jpg,,
321078937,1080,library,https://cdn.gymrats.app/fab3ca12-d46a-49a8-a4f1-8d15458d4741.jpg,2025-07-19T17:53:03,1110,2025-07-19T17:53:03,291036525,image/jpg,,https://cdn.gymrats.app/fab3ca12-d46a-49a8-a4f1-8d15458d4741.jpg,,
321089900,950,library,https://cdn.gymrats.app/43b16d4c-4fa9-484e-b273-ca84b76083a0.jpg,2025-07-19T18:10:35,1112,2025-07-19T18:10:35,291046485,image/jpg,,,,
321182280,828,library,https://cdn.gymrats.app/2fbc90c0-cf58-4f73-87f8-0049faec52cc.jpg,2025-07-19T20:38:39,1472,2025-07-19T20:38:39,291130326,image/jpg,,,,
321195814,1080,library,https://cdn.gymrats.app/62cee2bd-a267-4a38-ae30-9dc475b94b04.jpg,2025-07-19T20:59:03,2400,2025-07-19T20:59:03,291142417,image/jpg,2025-07-19T20:56:50,https://cdn.gymrats.app/62cee2bd-a267-4a38-ae30-9dc475b94b04.jpg,,
321217828,1178,library,https://cdn.gymrats.app/f4afc80b-1710-404f-b8da-23168e00faf2.jpg,2025-07-19T21:33:42,2556,2025-07-19T21:33:42,291150251,image/jpg,,,,
321209465,1400,library,https://cdn.gymrats.app/b7f54d4f-ec7d-4d34-a012-f38f5e885f11.jpg,2025-07-19T21:19:48,1866,2025-07-19T21:19:48,291154398,image/jpg,2025-07-19T21:17:50,https://cdn.gymrats.app/b7f54d4f-ec7d-4d34-a012-f38f5e885f11.jpg,,
321209464,1400,library,https://cdn.gymrats.app/2883445f-ca7c-467c-a77e-c81118029ec1.jpg,2025-07-19T21:19:48,1866,2025-07-19T21:19:48,291154398,image/jpg,2025-07-19T20:32:16,https://cdn.gymrats.app/2883445f-ca7c-467c-a77e-c81118029ec1.jpg,,
321214228,1080,library,https://cdn.gymrats.app/7867abd8-0ccd-4eff-800f-66f167ef0a51.jpg,2025-07-19T21:27:49,1920,2025-07-19T21:27:49,291158633,image/jpg,,https://cdn.gymrats.app/7867abd8-0ccd-4eff-800f-66f167ef0a51.jpg,,
321268333,1170,library,https://cdn.gymrats.app/df260525-1037-4712-9281-c32d3f0c83c4.jpg,2025-07-19T23:13:18,180,2025-07-19T23:13:18,291206557,image/jpg,,,,
321268575,1400,library,https://cdn.gymrats.app/11f08a00-5a22-4ef2-aab0-a9492e540aa5.jpg,2025-07-19T23:13:58,1627,2025-07-19T23:13:58,291206772,image/jpg,2025-07-19T23:06:01,,,
321280862,1400,library,https://cdn.gymrats.app/d204c1e3-0f21-4717-9487-a2ce20bc8830.jpg,2025-07-19T23:42:30,1866,2025-07-19T23:42:30,291217304,image/jpg,,https://cdn.gymrats.app/d204c1e3-0f21-4717-9487-a2ce20bc8830.jpg,,
321280861,1400,library,https://cdn.gymrats.app/9d939d7d-105d-42ff-8003-804e4f0611a6.jpg,2025-07-19T23:42:30,1866,2025-07-19T23:42:30,291217304,image/jpg,,https://cdn.gymrats.app/9d939d7d-105d-42ff-8003-804e4f0611a6.jpg,,
321285273,828,library,https://cdn.gymrats.app/29d5b613-0d64-41b5-93b8-a370d9b4e568.jpg,2025-07-19T23:53:53,1792,2025-07-19T23:53:53,291221166,image/jpg,,,,
321327553,1400,library,https://cdn.gymrats.app/42edd4d5-02f4-4450-adfd-e450f69e446a.jpg,2025-07-20T02:03:31,2488,2025-07-20T02:03:31,291257859,image/jpg,,,,
321364355,1400,library,https://cdn.gymrats.app/d31c0422-e92b-4fa6-95a6-58a0639268b7.jpg,2025-07-20T10:44:55,1866,2025-07-20T10:44:55,291290955,image/jpg,,,,
321365364,1290,library,https://cdn.gymrats.app/4a9cfafe-c338-4b1d-87b5-b83a21c42a10.jpg,2025-07-20T10:50:07,2796,2025-07-20T10:50:07,291292176,image/jpg,,,,
321365363,1400,library,https://cdn.gymrats.app/5a804dd0-e027-4ad9-a300-2f9ccda03904.jpg,2025-07-20T10:50:07,1866,2025-07-20T10:50:07,291292176,image/jpg,,,,
321367682,1290,library,https://cdn.gymrats.app/6a092e61-7447-497f-a9d2-430158e99b7a.jpg,2025-07-20T11:03:02,2370,2025-07-20T11:03:02,291292365,image/jpg,,,,
321367681,1400,library,https://cdn.gymrats.app/e77dd517-086e-43ea-8bb5-176669d7f2fa.jpg,2025-07-20T11:03:02,1866,2025-07-20T11:03:02,291292365,image/jpg,,,,
321367680,1400,library,https://cdn.gymrats.app/2ec23791-8985-438a-a38a-3b87e2fc8007.jpg,2025-07-20T11:03:02,1866,2025-07-20T11:03:02,291292365,image/jpg,,,,
321366554,1400,library,https://cdn.gymrats.app/d8c68e0b-115a-4938-bc8d-b318a2656be3.jpg,2025-07-20T10:56:43,1866,2025-07-20T10:56:43,291293424,image/jpg,,,-12.975361666666666,-38.439953333333335
321391117,1132,library,https://cdn.gymrats.app/a9b118b9-738e-4c55-ac5b-8e49da4b9124.jpg,2025-07-20T12:18:48,766,2025-07-20T12:18:48,291301309,image/jpg,,,,
321391116,1400,library,https://cdn.gymrats.app/453ece03-984d-4515-9028-90f9cdc6e3ca.jpg,2025-07-20T12:18:48,1866,2025-07-20T12:18:48,291301309,image/jpg,,,,
321391115,1400,camera,https://cdn.gymrats.app/535a9be9-6b2a-4a9a-bb72-657875eea39e.jpg,2025-07-20T12:18:48,1866,2025-07-20T12:18:48,291301309,image/jpg,,,,
321380973,1399,library,https://cdn.gymrats.app/9a8a12b4-55e9-4f0f-a9a7-9e9711333155.jpg,2025-07-20T11:53:03,1050,2025-07-20T11:53:03,291307096,image/jpg,,https://cdn.gymrats.app/9a8a12b4-55e9-4f0f-a9a7-9e9711333155.jpg,,
321380972,1400,camera,https://cdn.gymrats.app/01bce8b6-941a-4394-8dc3-d258a2bab5f3.jpg,2025-07-20T11:53:03,1050,2025-07-20T11:53:03,291307096,image/jpg,,https://cdn.gymrats.app/01bce8b6-941a-4394-8dc3-d258a2bab5f3.jpg,,
322061621,1400,library,https://cdn.gymrats.app/aea58907-4a23-4701-8426-b883e53f0dd8.jpg,2025-07-21T14:03:05,2100,2025-07-21T14:03:05,291308555,image/jpg,,https://cdn.gymrats.app/aea58907-4a23-4701-8426-b883e53f0dd8.jpg,,
321384239,1400,library,https://cdn.gymrats.app/a2fe8e01-eb19-4919-9242-8f41b61c2c4a.jpg,2025-07-20T12:02:18,1866,2025-07-20T12:02:18,291310242,image/jpg,,,,
321395820,738,library,https://cdn.gymrats.app/26dd2c3c-feb6-46ee-bd89-cd3759dc9270.jpg,2025-07-20T12:30:01,1600,2025-07-20T12:30:01,291321305,image/jpg,,,,
321406002,1080,library,https://cdn.gymrats.app/d364545f-abfd-4d1c-a19d-94751a005bab.jpg,2025-07-20T12:51:10,2400,2025-07-20T12:51:10,291330880,image/jpg,,https://cdn.gymrats.app/d364545f-abfd-4d1c-a19d-94751a005bab.jpg,,
321425456,1400,camera,https://cdn.gymrats.app/49d2a30a-abd6-4da0-8f4a-11470e6ece61.jpg,2025-07-20T13:24:35,1866,2025-07-20T13:24:35,291349308,image/jpg,,,,
321436834,1400,camera,https://cdn.gymrats.app/de8fa7c9-ea44-43de-af59-d019f875fa26.jpg,2025-07-20T13:41:25,1866,2025-07-20T13:41:25,291360018,image/jpg,2025-07-20T13:41:23,,,
321441909,1400,library,https://cdn.gymrats.app/5f22616e-7d47-4c3d-9dc6-d5b685f9b838.jpg,2025-07-20T13:47:58,1866,2025-07-20T13:47:58,291364782,image/jpg,,,,
321455619,828,library,https://cdn.gymrats.app/7e9e0ff2-b342-407c-bdbf-c680f6a8ed0f.jpg,2025-07-20T14:05:24,1792,2025-07-20T14:05:24,291374949,image/jpg,,,,
321463389,1400,library,https://cdn.gymrats.app/cc096860-df82-425b-91a2-1612e461def2.jpg,2025-07-20T14:15:10,1866,2025-07-20T14:15:10,291384809,image/jpg,2025-07-20T14:04:46,https://cdn.gymrats.app/cc096860-df82-425b-91a2-1612e461def2.jpg,,
321474633,1400,camera,https://cdn.gymrats.app/fa7b766b-a002-4ceb-9bbe-eb52f858e079.jpg,2025-07-20T14:28:19,1866,2025-07-20T14:28:19,291394976,image/jpg,2025-07-20T14:28:18,,,
321492139,1200,library,https://cdn.gymrats.app/f61a6349-ce4e-4c6f-bd0f-1898e6fd8f73.jpg,2025-07-20T14:48:59,1600,2025-07-20T14:48:59,291410915,image/jpg,,,,
321492138,1290,library,https://cdn.gymrats.app/e1a977c7-dc71-4682-ae6b-3b7c4301a758.jpg,2025-07-20T14:48:59,2796,2025-07-20T14:48:59,291410915,image/jpg,,,,
321492137,1290,library,https://cdn.gymrats.app/285b8176-3c71-40ce-a4ec-87916f267750.jpg,2025-07-20T14:48:59,2796,2025-07-20T14:48:59,291410915,image/jpg,,,,
321493840,1400,library,https://cdn.gymrats.app/3c7a62f9-0d0e-4c2a-bf58-b85f3da3317f.jpg,2025-07-20T14:50:54,1866,2025-07-20T14:50:54,291412926,image/jpg,2025-07-20T12:46:49,https://cdn.gymrats.app/3c7a62f9-0d0e-4c2a-bf58-b85f3da3317f.jpg,,
321509109,1400,camera,https://cdn.gymrats.app/f7ed4acf-4ad7-4f9d-a789-d3d9f3a4fbab.jpg,2025-07-20T15:07:24,1866,2025-07-20T15:07:24,291427059,image/jpg,,,,
321539352,1400,library,https://cdn.gymrats.app/729fb7c6-d545-4e5b-b86c-d80e11407748.jpg,2025-07-20T15:43:02,1866,2025-07-20T15:43:02,291454917,image/jpg,2025-07-20T15:07:32,,-12.824445,-38.269005
321539351,1400,library,https://cdn.gymrats.app/4a6ca74e-5636-46c9-9853-a43f8ce43f64.jpg,2025-07-20T15:43:02,1866,2025-07-20T15:43:02,291454917,image/jpg,2025-07-20T12:41:29,,-12.491053333333333,-37.960696666666664
321560217,1400,library,https://cdn.gymrats.app/d1394238-8496-407f-8754-ab25943a9b40.jpg,2025-07-20T16:08:46,1866,2025-07-20T16:08:46,291474028,image/jpg,,,,
321581326,1080,library,https://cdn.gymrats.app/15281622-7731-4f5e-9255-ace472d87ec4.jpg,2025-07-20T16:39:31,1408,2025-07-20T16:39:31,291488638,image/jpg,,https://cdn.gymrats.app/15281622-7731-4f5e-9255-ace472d87ec4.jpg,,
321653772,1400,library,https://cdn.gymrats.app/917c430f-297c-445c-bb54-684aeb84f663.jpg,2025-07-20T19:26:23,1050,2025-07-20T19:26:23,291559444,image/jpg,,,,
321654793,1178,library,https://cdn.gymrats.app/fd7bf642-6b3f-4651-bfcc-ec07fefb1074.jpg,2025-07-20T19:29:14,2556,2025-07-20T19:29:14,291560325,image/jpg,,,,
321655551,1400,library,https://cdn.gymrats.app/67863484-511e-462f-9559-f92461ea809a.jpg,2025-07-20T19:31:18,1050,2025-07-20T19:31:18,291560978,image/jpg,,https://cdn.gymrats.app/67863484-511e-462f-9559-f92461ea809a.jpg,,
321656097,1080,library,https://cdn.gymrats.app/b76e9e48-30a5-4881-b437-a8e7b3601d65.jpg,2025-07-20T19:32:39,2400,2025-07-20T19:32:39,291561464,image/jpg,2025-07-20T19:26:27,https://cdn.gymrats.app/b76e9e48-30a5-4881-b437-a8e7b3601d65.jpg,,
321656096,1400,library,https://cdn.gymrats.app/b34c5053-10d4-4b23-b4a1-b6bf3484ad4f.jpg,2025-07-20T19:32:39,1050,2025-07-20T19:32:39,291561464,image/jpg,2025-07-20T19:12:22,https://cdn.gymrats.app/b34c5053-10d4-4b23-b4a1-b6bf3484ad4f.jpg,,
321656878,1400,library,https://cdn.gymrats.app/fbc2bff4-a58a-4cea-9954-05de00be3bbd.jpg,2025-07-20T19:34:57,1050,2025-07-20T19:34:57,291562103,image/jpg,,,,
321662023,805,library,https://cdn.gymrats.app/0f73e49d-58f7-419f-8a54-1adc788acec6.jpg,2025-07-20T19:47:58,805,2025-07-20T19:47:58,291566850,image/jpg,2025-07-20T14:41:29,,,
321679409,1400,library,https://cdn.gymrats.app/a29e9db0-32e8-4247-8408-3b3184390b92.jpg,2025-07-20T20:28:35,1866,2025-07-20T20:28:35,291582710,image/jpg,2025-07-20T20:20:50,https://cdn.gymrats.app/a29e9db0-32e8-4247-8408-3b3184390b92.jpg,,
321679408,1400,library,https://cdn.gymrats.app/7bcaf88d-07e1-4fef-afba-b274ca5b066f.jpg,2025-07-20T20:28:35,1866,2025-07-20T20:28:35,291582710,image/jpg,2025-07-20T19:40:04,https://cdn.gymrats.app/7bcaf88d-07e1-4fef-afba-b274ca5b066f.jpg,,
321693992,1400,library,https://cdn.gymrats.app/571f0b08-68de-46a7-bb60-a26190903355.jpg,2025-07-20T20:58:45,2488,2025-07-20T20:58:45,291595318,image/jpg,,,-12.894725,-38.34090833333333
321738275,828,library,https://cdn.gymrats.app/18ec30ca-aa60-48a4-9104-898adf21c658.jpg,2025-07-20T22:18:43,1472,2025-07-20T22:18:43,291635469,image/jpg,,,,
321748349,1400,library,https://cdn.gymrats.app/c99cd6c9-2abe-4bdc-ab0a-f1a5cdf262c5.jpg,2025-07-20T22:39:13,2035,2025-07-20T22:39:13,291644524,image/jpg,,https://cdn.gymrats.app/c99cd6c9-2abe-4bdc-ab0a-f1a5cdf262c5.jpg,,
321748348,1400,library,https://cdn.gymrats.app/e4cbb879-c579-4e59-9bcb-6b46d01998a9.jpg,2025-07-20T22:39:13,1866,2025-07-20T22:39:13,291644524,image/jpg,,https://cdn.gymrats.app/e4cbb879-c579-4e59-9bcb-6b46d01998a9.jpg,,
321769717,1080,library,https://cdn.gymrats.app/dfa8cf2f-7ca9-4117-8c9d-d675aa2a09af.jpg,2025-07-20T23:25:08,2340,2025-07-20T23:25:08,291663568,image/jpg,2025-07-20T22:54:54,https://cdn.gymrats.app/dfa8cf2f-7ca9-4117-8c9d-d675aa2a09af.jpg,,
323486269,540,library,https://cdn.gymrats.app/a58562c5-fa20-4316-bd40-ccdee65a2a1f.mp4,2025-07-22T19:33:44,960,2025-07-22T19:33:44,291685800,video/mp4,,https://cdn.gymrats.app/681ae6b0-e9c7-49a0-8cf3-bb0fa9040120.jpg,,
323486268,1284,library,https://cdn.gymrats.app/92ba6b09-81a6-4562-92c0-543078e64635.jpg,2025-07-22T19:33:44,2778,2025-07-22T19:33:44,291685800,image/jpg,,,,
321815998,1400,camera,https://cdn.gymrats.app/907991e9-44b0-41d1-8865-3c526240c71b.jpg,2025-07-21T01:17:38,1866,2025-07-21T01:17:38,291704043,image/jpg,,,,
321873213,1290,library,https://cdn.gymrats.app/bd3c13cd-7804-41cb-aaa1-3110074854d5.jpg,2025-07-21T09:22:43,2796,2025-07-21T09:22:43,291757967,image/jpg,,,,
321873538,1400,library,https://cdn.gymrats.app/b6d5627e-df26-4004-a321-a2c591d7a862.jpg,2025-07-21T09:23:34,1866,2025-07-21T09:23:34,291758449,image/jpg,2025-07-21T09:14:54,https://cdn.gymrats.app/b6d5627e-df26-4004-a321-a2c591d7a862.jpg,,
321874607,1400,library,https://cdn.gymrats.app/675be968-313e-4950-bff8-3747a892a3db.jpg,2025-07-21T09:26:07,2487,2025-07-21T09:26:07,291759550,image/jpg,2025-07-18T09:56:02,,,
321882178,1400,camera,https://cdn.gymrats.app/d7940cad-4f23-4f4b-9c7f-09323bcc56c8.jpg,2025-07-21T09:42:09,1866,2025-07-21T09:42:09,291767494,image/jpg,2025-07-21T09:42:07,,,
321897363,1178,library,https://cdn.gymrats.app/20924591-42c6-4d85-b770-150c1050bd83.jpg,2025-07-21T10:05:51,2556,2025-07-21T10:05:51,291783247,image/jpg,,,,
321900825,1400,camera,https://cdn.gymrats.app/b13da334-bb7c-45df-91c9-7b098af65d3b.jpg,2025-07-21T10:10:12,1866,2025-07-21T10:10:12,291786729,image/jpg,,https://cdn.gymrats.app/b13da334-bb7c-45df-91c9-7b098af65d3b.jpg,,
322081919,828,library,https://cdn.gymrats.app/0267d4f8-b71d-4f0f-a073-208eafc2085d.jpg,2025-07-21T14:34:24,1344,2025-07-21T14:34:24,291867664,image/jpg,,,,
321990211,1400,library,https://cdn.gymrats.app/224bdfc5-6110-4bb8-8da8-fc7ea5c16a9a.jpg,2025-07-21T12:12:03,1743,2025-07-21T12:12:03,291876237,image/jpg,,,-12.955753333333334,-38.43647
322043343,1150,library,https://cdn.gymrats.app/ae50acc0-7c20-4b32-b054-0b0d00088a2e.jpg,2025-07-21T13:34:01,202,2025-07-21T13:34:01,291927907,image/jpg,2025-07-21T13:31:56,,,
323486664,1080,library,https://cdn.gymrats.app/0982979b-a9cc-407f-a4fa-2160c1d99572.jpg,2025-07-22T19:34:15,1920,2025-07-22T19:34:15,292250084,image/jpg,,,,
322469867,1400,camera,https://cdn.gymrats.app/d98855ca-4141-4d4f-ae9f-c2b16ce849f3.jpg,2025-07-21T21:57:59,1050,2025-07-21T21:57:59,292336988,image/jpg,,https://cdn.gymrats.app/d98855ca-4141-4d4f-ae9f-c2b16ce849f3.jpg,,
322529118,1400,library,https://cdn.gymrats.app/a20b57d9-da50-4a35-8069-f2f97cde5456.jpg,2025-07-21T22:27:50,1866,2025-07-21T22:27:50,292390772,image/jpg,,,,
322528540,1290,library,https://cdn.gymrats.app/c0e6005d-e5a0-49be-8c9c-0914b8c55344.jpg,2025-07-21T22:27:29,1980,2025-07-21T22:27:29,292390772,image/jpg,,,,
322565170,1080,library,https://cdn.gymrats.app/e30f68c5-cd76-4e7b-b380-d7927caff68e.jpg,2025-07-21T22:45:02,1920,2025-07-21T22:45:02,292426563,image/jpg,,https://cdn.gymrats.app/e30f68c5-cd76-4e7b-b380-d7927caff68e.jpg,,
322597171,828,library,https://cdn.gymrats.app/b19a7c0b-2625-4834-ae78-b229bbdc180f.jpg,2025-07-21T22:59:44,1472,2025-07-21T22:59:44,292456515,image/jpg,,,,
322607277,1178,library,https://cdn.gymrats.app/8dba0197-e672-454b-8ab9-8049cb9ae094.jpg,2025-07-21T23:03:58,2096,2025-07-21T23:03:58,292466041,image/jpg,,,,
322635562,1400,camera,https://cdn.gymrats.app/e37b1b18-0830-4b54-97c0-42eb98811183.jpg,2025-07-21T23:15:51,1866,2025-07-21T23:15:51,292491982,image/jpg,,https://cdn.gymrats.app/e37b1b18-0830-4b54-97c0-42eb98811183.jpg,,
322659208,1400,library,https://cdn.gymrats.app/7da6d35f-6f5d-405c-86ad-ce937ab3da93.jpg,2025-07-21T23:26:09,787,2025-07-21T23:26:09,292513899,image/jpg,,https://cdn.gymrats.app/7da6d35f-6f5d-405c-86ad-ce937ab3da93.jpg,,
322661465,1400,library,https://cdn.gymrats.app/7c399d21-888c-484f-ae62-077fab82cfd4.jpg,2025-07-21T23:27:14,2488,2025-07-21T23:27:14,292515917,image/jpg,,https://cdn.gymrats.app/7c399d21-888c-484f-ae62-077fab82cfd4.jpg,,
322672718,1400,library,https://cdn.gymrats.app/8958c4a0-00f2-498e-afec-3d3d9e7e9d3a.jpg,2025-07-21T23:32:12,1866,2025-07-21T23:32:12,292526367,image/jpg,2025-07-21T23:23:44,https://cdn.gymrats.app/8958c4a0-00f2-498e-afec-3d3d9e7e9d3a.jpg,,
322672717,1400,library,https://cdn.gymrats.app/d127327b-6c85-48d2-a424-5bf380a629c5.jpg,2025-07-21T23:32:12,1866,2025-07-21T23:32:12,292526367,image/jpg,2025-07-21T22:42:37,https://cdn.gymrats.app/d127327b-6c85-48d2-a424-5bf380a629c5.jpg,,
322697133,1178,library,https://cdn.gymrats.app/6d2da2ad-3dcd-4c32-9817-3c8ed1360a33.jpg,2025-07-21T23:42:53,2556,2025-07-21T23:42:53,292548695,image/jpg,,,,
322717710,1080,library,https://cdn.gymrats.app/4576a7b0-9ab8-40e6-96ad-49281d2a124f.jpg,2025-07-21T23:52:31,2400,2025-07-21T23:52:31,292567561,image/jpg,2025-07-21T23:50:40,https://cdn.gymrats.app/4576a7b0-9ab8-40e6-96ad-49281d2a124f.jpg,,
322729133,1400,library,https://cdn.gymrats.app/48669b6e-a3e4-486f-972f-bbea517e47f3.jpg,2025-07-21T23:57:52,1866,2025-07-21T23:57:52,292577939,image/jpg,2025-07-21T23:12:21,https://cdn.gymrats.app/48669b6e-a3e4-486f-972f-bbea517e47f3.jpg,,
322734651,1400,library,https://cdn.gymrats.app/8541670f-8079-490a-aa83-9c2bc382b33f.jpg,2025-07-22T00:00:20,1866,2025-07-22T00:00:20,292583097,image/jpg,,https://cdn.gymrats.app/8541670f-8079-490a-aa83-9c2bc382b33f.jpg,,
322734650,1080,library,https://cdn.gymrats.app/5759e559-b8ad-4052-b429-08c3a110ef25.jpg,2025-07-22T00:00:20,2340,2025-07-22T00:00:20,292583097,image/jpg,,https://cdn.gymrats.app/5759e559-b8ad-4052-b429-08c3a110ef25.jpg,,
322735886,1400,library,https://cdn.gymrats.app/1962547c-f536-4770-88a1-3d841c12f4a1.jpg,2025-07-22T00:00:53,1866,2025-07-22T00:00:53,292584296,image/jpg,,,,
322786149,1400,camera,https://cdn.gymrats.app/2234d97b-834e-4853-8202-5e04804561f3.jpg,2025-07-22T00:23:48,1866,2025-07-22T00:23:48,292629994,image/jpg,,,,
322791311,1080,library,https://cdn.gymrats.app/8a3ee826-8ec4-41f1-9e9b-8f9fec872a41.jpg,2025-07-22T00:26:28,2340,2025-07-22T00:26:28,292634695,image/jpg,2025-07-22T00:24:42,https://cdn.gymrats.app/8a3ee826-8ec4-41f1-9e9b-8f9fec872a41.jpg,,
322837693,1290,library,https://cdn.gymrats.app/58ee67ee-04fc-41e3-b001-be795c840655.jpg,2025-07-22T00:50:54,2292,2025-07-22T00:50:54,292676103,image/jpg,,,,
322869899,1186,library,https://cdn.gymrats.app/de2fc901-fc59-488b-b1e7-a9d02dc986c0.jpg,2025-07-22T01:09:40,1258,2025-07-22T01:09:40,292705086,image/jpg,,,,
322919316,1400,library,https://cdn.gymrats.app/5b373cc5-7b13-43c9-837a-b7a9331fa7aa.jpg,2025-07-22T01:46:06,2488,2025-07-22T01:46:06,292748778,image/jpg,,,,
322947647,1400,library,https://cdn.gymrats.app/f6b8b8c7-053a-4446-8430-9e0d4692e0a3.jpg,2025-07-22T02:15:03,1866,2025-07-22T02:15:03,292773259,image/jpg,,https://cdn.gymrats.app/f6b8b8c7-053a-4446-8430-9e0d4692e0a3.jpg,,
322947646,1400,library,https://cdn.gymrats.app/9a735d11-ed36-4ab9-bafe-fcd0711d5509.jpg,2025-07-22T02:15:03,1866,2025-07-22T02:15:03,292773259,image/jpg,,https://cdn.gymrats.app/9a735d11-ed36-4ab9-bafe-fcd0711d5509.jpg,,
322952681,1400,library,https://cdn.gymrats.app/4e60d609-218d-42f0-ada1-cafbb560377a.jpg,2025-07-22T02:21:42,1866,2025-07-22T02:21:42,292777645,image/jpg,,,,
323002745,1200,camera,https://cdn.gymrats.app/a24fa6ae-3bea-437b-afd3-13ac410b2a1e.jpg,2025-07-22T08:50:08,1600,2025-07-22T08:50:08,292824043,image/jpg,2025-07-22T08:48:46,https://cdn.gymrats.app/a24fa6ae-3bea-437b-afd3-13ac410b2a1e.jpg,,
323020326,1400,library,https://cdn.gymrats.app/5dd2f250-341e-461e-826d-b3075fe5cf2a.jpg,2025-07-22T09:30:47,1866,2025-07-22T09:30:47,292841645,image/jpg,,,,
323020325,1400,library,https://cdn.gymrats.app/c4c69332-bd18-46e6-9fdd-b010a70495ea.jpg,2025-07-22T09:30:47,1050,2025-07-22T09:30:47,292841645,image/jpg,,,,
323023020,540,library,https://cdn.gymrats.app/322fd8a5-9b4c-46bb-aad6-e468b8d71467.mp4,2025-07-22T09:35:23,960,2025-07-22T09:35:23,292844441,video/mp4,2025-07-22T09:18:51,https://cdn.gymrats.app/0158e745-e5e2-4f18-b4ac-526cce25d30e.jpg,,
323027866,1400,camera,https://cdn.gymrats.app/404d444f-afd4-4515-908e-479bf718a93f.jpg,2025-07-22T09:43:20,1866,2025-07-22T09:43:20,292849258,image/jpg,2025-07-22T09:43:18,,,
323055449,1290,library,https://cdn.gymrats.app/0bf89bb5-f752-44d0-a0a5-01e03f1bb928.jpg,2025-07-22T10:15:14,2796,2025-07-22T10:15:14,292876114,image/jpg,,,,
323154442,1400,library,https://cdn.gymrats.app/028eaa16-58fd-4bde-a40c-346895f91593.jpg,2025-07-22T11:59:59,3108,2025-07-22T11:59:59,292972420,image/jpg,,https://cdn.gymrats.app/028eaa16-58fd-4bde-a40c-346895f91593.jpg,,
323262903,1206,library,https://cdn.gymrats.app/00fc5d95-0969-4ee2-811b-ddbe5caeddf5.jpg,2025-07-22T14:23:14,2622,2025-07-22T14:23:14,293080380,image/jpg,2025-07-22T14:16:34,,,
323262902,1400,library,https://cdn.gymrats.app/1b178076-b28e-4fdc-be44-8f4900bc3ae5.jpg,2025-07-22T14:23:14,1866,2025-07-22T14:23:14,293080380,image/jpg,2025-07-22T14:21:53,,,
323615705,1080,camera,https://cdn.gymrats.app/99d36a27-7858-491f-bba1-2c5f9b49f38c.jpg,2025-07-22T21:28:53,1440,2025-07-22T21:28:53,293415733,image/jpg,,https://cdn.gymrats.app/99d36a27-7858-491f-bba1-2c5f9b49f38c.jpg,,
323644847,1400,camera,https://cdn.gymrats.app/80d81cc7-2874-46f6-a0fc-b33a37ca2304.jpg,2025-07-22T21:47:13,1866,2025-07-22T21:47:13,293443003,image/jpg,,https://cdn.gymrats.app/80d81cc7-2874-46f6-a0fc-b33a37ca2304.jpg,,
323666856,1400,camera,https://cdn.gymrats.app/0932b593-f8ff-4380-9cbd-167d433713e2.jpg,2025-07-22T21:59:33,1866,2025-07-22T21:59:33,293464011,image/jpg,2025-07-22T22:06:25,https://cdn.gymrats.app/0932b593-f8ff-4380-9cbd-167d433713e2.jpg,,
323668023,1284,library,https://cdn.gymrats.app/5a7f7aaa-b893-4fd7-970c-9fa2bae6cbea.jpg,2025-07-22T22:00:11,1190,2025-07-22T22:00:11,293465186,image/jpg,,,,
323798741,900,library,https://cdn.gymrats.app/4ea4ccf9-5612-4967-9cc0-02bd0a776916.jpg,2025-07-22T23:05:25,1600,2025-07-22T23:05:25,293585291,image/jpg,,,,
323795843,900,library,https://cdn.gymrats.app/aef8f84b-1d1d-4859-a0d2-6fcccb50f783.jpg,2025-07-22T23:04:11,1600,2025-07-22T23:04:11,293585615,image/jpg,,,,
323800086,1290,library,https://cdn.gymrats.app/7484a1d8-be62-4718-b16d-613d868e1d1a.jpg,2025-07-22T23:06:05,1952,2025-07-22T23:06:05,293589541,image/jpg,,,,
323800083,1290,library,https://cdn.gymrats.app/c16388d1-6820-4318-a0fb-2385cb37dd61.jpg,2025-07-22T23:06:05,2292,2025-07-22T23:06:05,293589541,image/jpg,,,,
323800899,900,library,https://cdn.gymrats.app/65a263ee-6121-4109-a130-20129e17a48d.jpg,2025-07-22T23:06:22,1600,2025-07-22T23:06:22,293590236,image/jpg,,https://cdn.gymrats.app/65a263ee-6121-4109-a130-20129e17a48d.jpg,,
323806467,1400,library,https://cdn.gymrats.app/05eed142-cca3-4a52-a41a-f8bd66854470.jpg,2025-07-22T23:08:42,1050,2025-07-22T23:08:42,293595466,image/jpg,,,,
323806600,1400,library,https://cdn.gymrats.app/e833cece-3f57-41b0-802b-e5bb0ec647fb.jpg,2025-07-22T23:08:46,1050,2025-07-22T23:08:46,293595603,image/jpg,,,,
323814587,1400,library,https://cdn.gymrats.app/e8adb85c-d4fd-404b-a00e-ccf665c14fcd.jpg,2025-07-22T23:12:17,1050,2025-07-22T23:12:17,293595621,image/jpg,,,,
323811092,1284,library,https://cdn.gymrats.app/a7b3a60a-d7e3-4db3-a5bf-38b1fd66a77a.jpg,2025-07-22T23:10:42,2282,2025-07-22T23:10:42,293597015,image/jpg,,,,
323830220,1080,library,https://cdn.gymrats.app/75b647b7-7c17-4340-8fe7-b7e10686560c.jpg,2025-07-22T23:19:42,2400,2025-07-22T23:19:42,293617525,image/jpg,2025-07-22T23:18:26,https://cdn.gymrats.app/75b647b7-7c17-4340-8fe7-b7e10686560c.jpg,,
323854477,1170,library,https://cdn.gymrats.app/d78ad987-f216-454d-a2f1-d86a8634434f.jpg,2025-07-22T23:31:03,1191,2025-07-22T23:31:03,293640113,image/jpg,2025-07-22T23:30:27,,,
323854476,1400,camera,https://cdn.gymrats.app/6f0914fa-abb1-4be2-a2ef-f5ca2cb0e9ab.jpg,2025-07-22T23:31:03,1866,2025-07-22T23:31:03,293640113,image/jpg,2025-07-22T23:31:00,,,
323871421,1400,camera,https://cdn.gymrats.app/e42511c1-ba43-4a01-add4-50f9e9648b56.jpg,2025-07-22T23:38:53,1866,2025-07-22T23:38:53,293655912,image/jpg,2025-07-22T23:38:52,,,
323911791,1400,library,https://cdn.gymrats.app/f935c3a0-c9e1-488e-8896-411a78432237.jpg,2025-07-22T23:58:04,1866,2025-07-22T23:58:04,293692899,image/jpg,2025-07-22T22:14:11,https://cdn.gymrats.app/f935c3a0-c9e1-488e-8896-411a78432237.jpg,,
323911790,1400,library,https://cdn.gymrats.app/949f0028-7287-461b-8da9-5f317b9747b1.jpg,2025-07-22T23:58:04,1866,2025-07-22T23:58:04,293692899,image/jpg,2025-07-22T22:57:13,https://cdn.gymrats.app/949f0028-7287-461b-8da9-5f317b9747b1.jpg,,
323941948,1400,camera,https://cdn.gymrats.app/d8ea90ec-8217-4763-8f7e-6ff0396a87a6.jpg,2025-07-23T00:11:51,1866,2025-07-23T00:11:51,293720162,image/jpg,,,,
323944628,1400,library,https://cdn.gymrats.app/c6db9e08-9dd8-4ea4-9222-2c364206194e.jpg,2025-07-23T00:13:07,1866,2025-07-23T00:13:07,293722641,image/jpg,,https://cdn.gymrats.app/c6db9e08-9dd8-4ea4-9222-2c364206194e.jpg,,
323944627,1080,library,https://cdn.gymrats.app/59260b2a-a0df-4a3d-bb5a-4c69dfd1cf40.jpg,2025-07-23T00:13:07,2340,2025-07-23T00:13:07,293722641,image/jpg,,https://cdn.gymrats.app/59260b2a-a0df-4a3d-bb5a-4c69dfd1cf40.jpg,,
323951008,1400,library,https://cdn.gymrats.app/32663429-91ce-41c4-9d94-7b3bc1fa850a.jpg,2025-07-23T00:16:10,1866,2025-07-23T00:16:10,293728490,image/jpg,2025-07-23T00:14:44,https://cdn.gymrats.app/32663429-91ce-41c4-9d94-7b3bc1fa850a.jpg,,
323953673,1400,camera,https://cdn.gymrats.app/cf98de6e-5b37-4926-a989-896c71a26dc1.jpg,2025-07-23T00:17:27,1866,2025-07-23T00:17:27,293730900,image/jpg,,,,
324032805,828,library,https://cdn.gymrats.app/cb3dbe8f-02a6-4fdc-ae5f-c56157a4ebbc.jpg,2025-07-23T01:00:12,1472,2025-07-23T01:00:12,293799486,image/jpg,,,,
324068403,1400,library,https://cdn.gymrats.app/d6032656-f4dd-4f49-9c9e-5ac092f75827.jpg,2025-07-23T01:22:48,1866,2025-07-23T01:22:48,293833596,image/jpg,2025-07-23T01:14:09,https://cdn.gymrats.app/d6032656-f4dd-4f49-9c9e-5ac092f75827.jpg,,
324068402,1400,library,https://cdn.gymrats.app/42c1f7e6-e70e-4058-8df2-501ce72fe591.jpg,2025-07-23T01:22:48,1866,2025-07-23T01:22:48,293833596,image/jpg,2025-07-23T00:33:17,https://cdn.gymrats.app/42c1f7e6-e70e-4058-8df2-501ce72fe591.jpg,,
324141544,1400,library,https://cdn.gymrats.app/06a0a779-7bcc-4a99-9fab-aa3cc612ef24.jpg,2025-07-23T02:37:03,1866,2025-07-23T02:37:03,293896758,image/jpg,,https://cdn.gymrats.app/06a0a779-7bcc-4a99-9fab-aa3cc612ef24.jpg,,
324141543,1080,library,https://cdn.gymrats.app/b82eb189-3825-424d-ae58-2927eeed7438.jpg,2025-07-23T02:37:03,1508,2025-07-23T02:37:03,293896758,image/jpg,,https://cdn.gymrats.app/b82eb189-3825-424d-ae58-2927eeed7438.jpg,,
324141542,1400,library,https://cdn.gymrats.app/d7ffe8d6-e646-4fea-ae3b-c5535e64866f.jpg,2025-07-23T02:37:03,1866,2025-07-23T02:37:03,293896758,image/jpg,,https://cdn.gymrats.app/d7ffe8d6-e646-4fea-ae3b-c5535e64866f.jpg,,
324152152,1178,library,https://cdn.gymrats.app/d07fba0e-5526-420a-abd0-72ba1841c9df.jpg,2025-07-23T02:55:16,1240,2025-07-23T02:55:16,293905750,image/jpg,,,,
324153431,1400,library,https://cdn.gymrats.app/abb0687f-270e-4c8f-8bee-53a29bd20101.jpg,2025-07-23T02:57:42,1866,2025-07-23T02:57:42,293906860,image/jpg,,,,
324154724,1080,library,https://cdn.gymrats.app/6f983918-f068-44e5-9c54-ac11a1b9c9f5.jpg,2025-07-23T03:00:08,2400,2025-07-23T03:00:08,293907996,image/jpg,,https://cdn.gymrats.app/6f983918-f068-44e5-9c54-ac11a1b9c9f5.jpg,,
324183496,1200,camera,https://cdn.gymrats.app/161ef42e-7ee2-4b05-92d2-2c330a76474b.jpg,2025-07-23T08:56:41,1600,2025-07-23T08:56:41,293936115,image/jpg,2025-07-23T08:55:48,https://cdn.gymrats.app/161ef42e-7ee2-4b05-92d2-2c330a76474b.jpg,,
324187823,540,library,https://cdn.gymrats.app/d8d6aaa8-facc-4830-8376-80fbaf95f2cb.mp4,2025-07-23T09:07:54,960,2025-07-23T09:07:54,293940486,video/mp4,2025-07-23T09:05:50,https://cdn.gymrats.app/02d4e64e-003c-47ff-ac49-ed4b4968f537.jpg,,
324193798,1400,library,https://cdn.gymrats.app/0c82d738-b00a-48ec-b484-a513dc901e8c.jpg,2025-07-23T09:21:22,1866,2025-07-23T09:21:22,293946469,image/jpg,,,,
324204763,1400,camera,https://cdn.gymrats.app/7ecd4466-2690-49bb-b973-d093cf5ca723.jpg,2025-07-23T09:41:43,1866,2025-07-23T09:41:43,293957181,image/jpg,2025-07-23T09:36:10,,,
324210790,1080,library,https://cdn.gymrats.app/ac620a60-ed3b-48fd-a8dc-402eadb3b4db.jpg,2025-07-23T09:51:04,2400,2025-07-23T09:51:04,293963127,image/jpg,,https://cdn.gymrats.app/ac620a60-ed3b-48fd-a8dc-402eadb3b4db.jpg,,
324324813,1400,library,https://cdn.gymrats.app/fe9bc981-bb8e-4bff-b56e-d432a063c8a7.jpg,2025-07-23T11:59:36,630,2025-07-23T11:59:36,294070621,image/jpg,,https://cdn.gymrats.app/fe9bc981-bb8e-4bff-b56e-d432a063c8a7.jpg,,
324328574,976,library,https://cdn.gymrats.app/05fc20a2-497b-4bdc-a98f-c719976dac35.jpg,2025-07-23T12:03:58,847,2025-07-23T12:03:58,294080358,image/jpg,,https://cdn.gymrats.app/05fc20a2-497b-4bdc-a98f-c719976dac35.jpg,,
324665190,1174,library,https://cdn.gymrats.app/7d404bae-2a87-47d6-8989-37021669ffa2.jpg,2025-07-23T19:55:36,310,2025-07-23T19:55:36,294405202,image/jpg,,,,
324724130,1284,library,https://cdn.gymrats.app/0b3a0831-fa56-4b28-b752-351db5782967.jpg,2025-07-23T20:53:47,2282,2025-07-23T20:53:47,294460897,image/jpg,,,,
324784988,1080,camera,https://cdn.gymrats.app/fdf40a43-20e1-4081-b4c6-b290d77f7da9.jpg,2025-07-23T21:37:41,1440,2025-07-23T21:37:41,294518774,image/jpg,,https://cdn.gymrats.app/fdf40a43-20e1-4081-b4c6-b290d77f7da9.jpg,,
324790317,1178,library,https://cdn.gymrats.app/2829d191-8b89-48f8-8922-05dcdc8c4e9d.jpg,2025-07-23T21:41:10,2096,2025-07-23T21:41:10,294523600,image/jpg,,,,
324875668,828,library,https://cdn.gymrats.app/9401a3fe-9d82-44c9-9dae-ad5c69fac060.jpg,2025-07-23T22:30:41,1334,2025-07-23T22:30:41,294600414,image/jpg,,,,
324893261,1400,library,https://cdn.gymrats.app/ed986123-e6ef-4c9d-aaed-974fac0c37b4.jpg,2025-07-23T22:40:13,1866,2025-07-23T22:40:13,294620806,image/jpg,,,,
324913590,1290,library,https://cdn.gymrats.app/4a88ccc1-eb2b-4b42-8510-e10fb2726a8f.jpg,2025-07-23T22:51:17,1962,2025-07-23T22:51:17,294633023,image/jpg,,,,
324913589,1400,library,https://cdn.gymrats.app/b629c547-f67a-48a0-a167-8a470d661ea4.jpg,2025-07-23T22:51:17,1866,2025-07-23T22:51:17,294633023,image/jpg,,,,
324913588,1290,library,https://cdn.gymrats.app/02c9f9d1-1c10-4ec2-be69-44b593f5c05c.jpg,2025-07-23T22:51:17,1706,2025-07-23T22:51:17,294633023,image/jpg,,,,
324934474,1400,library,https://cdn.gymrats.app/4f9dc43a-b662-49dc-9143-3a4b68dccf04.jpg,2025-07-23T23:01:40,3108,2025-07-23T23:01:40,294658889,image/jpg,2025-07-23T22:56:12,https://cdn.gymrats.app/4f9dc43a-b662-49dc-9143-3a4b68dccf04.jpg,,
324972911,1210,library,https://cdn.gymrats.app/449f30eb-453c-48e3-9bfa-4e1b8c42b4f8.jpg,2025-07-23T23:20:35,1600,2025-07-23T23:20:35,294660940,image/jpg,,,,
324941435,1400,library,https://cdn.gymrats.app/33df9b25-97d3-4360-8d22-8408ff199916.jpg,2025-07-23T23:04:56,1866,2025-07-23T23:04:56,294665287,image/jpg,2025-07-23T22:53:28,https://cdn.gymrats.app/33df9b25-97d3-4360-8d22-8408ff199916.jpg,,
324964735,968,library,https://cdn.gymrats.app/93773898-589d-4cc6-8b07-88c88351335b.jpg,2025-07-23T23:16:19,980,2025-07-23T23:16:19,294687139,image/jpg,2025-07-23T23:15:04,https://cdn.gymrats.app/93773898-589d-4cc6-8b07-88c88351335b.jpg,,
325002059,1400,library,https://cdn.gymrats.app/0a99d8fe-28b3-47ad-b5be-a7b479da011e.jpg,2025-07-23T23:35:33,2488,2025-07-23T23:35:33,294721542,image/jpg,,https://cdn.gymrats.app/0a99d8fe-28b3-47ad-b5be-a7b479da011e.jpg,,
325038676,1210,library,https://cdn.gymrats.app/f30e4125-171a-4c9d-966f-09578bf7fc62.jpg,2025-07-23T23:54:38,1600,2025-07-23T23:54:38,294755037,image/jpg,,,,
325048276,1400,library,https://cdn.gymrats.app/30af0a09-b97b-4d2d-bf77-6088d9e5c937.jpg,2025-07-23T23:59:35,1866,2025-07-23T23:59:35,294763684,image/jpg,,https://cdn.gymrats.app/30af0a09-b97b-4d2d-bf77-6088d9e5c937.jpg,,
325048275,1080,library,https://cdn.gymrats.app/10bd778d-2d06-415f-8e9e-f1dcef938857.jpg,2025-07-23T23:59:35,2340,2025-07-23T23:59:35,294763684,image/jpg,,https://cdn.gymrats.app/10bd778d-2d06-415f-8e9e-f1dcef938857.jpg,,
325054660,1290,library,https://cdn.gymrats.app/55b91f79-3648-4abd-9e5f-7b5b708b854d.jpg,2025-07-24T00:02:56,2796,2025-07-24T00:02:56,294769418,image/jpg,,,,
325054659,1400,library,https://cdn.gymrats.app/3ab60741-580b-4976-921b-1b161d6a1753.jpg,2025-07-24T00:02:56,1050,2025-07-24T00:02:56,294769418,image/jpg,,,,
325054658,1400,library,https://cdn.gymrats.app/a5cc6bdc-c298-447d-a809-261cbab839ea.jpg,2025-07-24T00:02:56,1050,2025-07-24T00:02:56,294769418,image/jpg,,,,
325094164,1210,library,https://cdn.gymrats.app/e012e58e-53f5-4fbf-9b54-7e90749a09c3.jpg,2025-07-24T00:24:04,1600,2025-07-24T00:24:04,294804965,image/jpg,,https://cdn.gymrats.app/e012e58e-53f5-4fbf-9b54-7e90749a09c3.jpg,,
325097798,1178,library,https://cdn.gymrats.app/6997362e-345e-4218-a5f1-d078bb8b051a.jpg,2025-07-24T00:26:11,2556,2025-07-24T00:26:11,294808162,image/jpg,,,,
325098648,828,library,https://cdn.gymrats.app/51ea2027-5387-4559-867f-7164656d0895.jpg,2025-07-24T00:26:40,1792,2025-07-24T00:26:40,294808907,image/jpg,,,,
325104342,1284,library,https://cdn.gymrats.app/948523bd-58ac-4568-a2cd-b8faadcff6e9.jpg,2025-07-24T00:29:55,1296,2025-07-24T00:29:55,294814053,image/jpg,,,,
325109116,1080,library,https://cdn.gymrats.app/9378f2d8-c835-4254-b453-32f4ab9bfd0d.jpg,2025-07-24T00:32:34,998,2025-07-24T00:32:34,294818204,image/jpg,,https://cdn.gymrats.app/9378f2d8-c835-4254-b453-32f4ab9bfd0d.jpg,,
325109115,1080,library,https://cdn.gymrats.app/c30fc317-4b97-427d-aca7-f8c466d77a18.jpg,2025-07-24T00:32:34,981,2025-07-24T00:32:34,294818204,image/jpg,,https://cdn.gymrats.app/c30fc317-4b97-427d-aca7-f8c466d77a18.jpg,,
325144986,1280,library,https://cdn.gymrats.app/79f2d171-9128-4ab9-8c3e-6fb3ff56c81a.jpg,2025-07-24T00:54:21,960,2025-07-24T00:54:21,294850034,image/jpg,,https://cdn.gymrats.app/79f2d171-9128-4ab9-8c3e-6fb3ff56c81a.jpg,,
325144985,1280,library,https://cdn.gymrats.app/d33223eb-8ee3-4112-a783-fd654697e5e2.jpg,2025-07-24T00:54:21,960,2025-07-24T00:54:21,294850034,image/jpg,,https://cdn.gymrats.app/d33223eb-8ee3-4112-a783-fd654697e5e2.jpg,,
325146900,1400,library,https://cdn.gymrats.app/9daa23de-0637-4f30-a951-5ec4f132ff3a.jpg,2025-07-24T00:55:32,1866,2025-07-24T00:55:32,294851787,image/jpg,,,,
325146898,1284,library,https://cdn.gymrats.app/60df10d7-2abd-4ea1-ad15-eef1aae41c48.jpg,2025-07-24T00:55:32,2778,2025-07-24T00:55:32,294851787,image/jpg,,,,
325208467,1400,library,https://cdn.gymrats.app/d0df0c36-1ab8-4728-af06-dedc723244d5.jpg,2025-07-24T01:41:49,1866,2025-07-24T01:41:49,294905899,image/jpg,2025-07-24T01:33:37,https://cdn.gymrats.app/d0df0c36-1ab8-4728-af06-dedc723244d5.jpg,,
325208466,1400,library,https://cdn.gymrats.app/3d7330ed-a39d-4566-a2a9-b9a8f626a98f.jpg,2025-07-24T01:41:49,1866,2025-07-24T01:41:49,294905899,image/jpg,2025-07-24T00:52:50,https://cdn.gymrats.app/3d7330ed-a39d-4566-a2a9-b9a8f626a98f.jpg,,
325299677,540,library,https://cdn.gymrats.app/b3e15cd5-1eb1-4369-bace-0265947d623e.mp4,2025-07-24T09:11:44,960,2025-07-24T09:11:44,294988808,video/mp4,2025-07-24T09:08:43,https://cdn.gymrats.app/c34e42bc-9a78-4c4d-9fc8-2fd9b7f7ad4f.jpg,,
325307021,1400,library,https://cdn.gymrats.app/a0430166-84ae-4732-b03b-75aea2dd0e01.jpg,2025-07-24T09:29:11,2488,2025-07-24T09:29:11,294996058,image/jpg,,,,
325315008,1400,camera,https://cdn.gymrats.app/ee4d4371-7898-49f0-a785-ee347162e8c2.jpg,2025-07-24T09:45:10,1866,2025-07-24T09:45:10,295004120,image/jpg,2025-07-24T09:44:32,,,
325412696,1080,library,https://cdn.gymrats.app/0c744d7f-ff15-4ab9-ae8d-59b35ed4caa8.jpg,2025-07-24T11:45:17,795,2025-07-24T11:45:17,295101304,image/jpg,,https://cdn.gymrats.app/0c744d7f-ff15-4ab9-ae8d-59b35ed4caa8.jpg,,
325823940,540,library,https://cdn.gymrats.app/66b96d9b-889a-44fb-96af-ae4db063bcc4.mp4,2025-07-24T21:17:31,960,2025-07-24T21:17:31,295495302,video/mp4,,https://cdn.gymrats.app/3330d24c-de2a-4873-ac84-b489c03cf581.jpg,,
325824058,1400,camera,https://cdn.gymrats.app/a07d66ad-0bfb-4236-9c67-13f977e562f3.jpg,2025-07-24T21:17:38,1866,2025-07-24T21:17:38,295495821,image/jpg,,https://cdn.gymrats.app/a07d66ad-0bfb-4236-9c67-13f977e562f3.jpg,,
325880057,1080,camera,https://cdn.gymrats.app/906c1b74-a40f-4ad0-9537-e79920307b73.jpg,2025-07-24T21:58:10,1440,2025-07-24T21:58:10,295548861,image/jpg,,https://cdn.gymrats.app/906c1b74-a40f-4ad0-9537-e79920307b73.jpg,,
325917225,1400,library,https://cdn.gymrats.app/8f447b97-b10b-4928-bf4a-b6e97ccb0d27.jpg,2025-07-24T22:20:52,1866,2025-07-24T22:20:52,295584217,image/jpg,,https://cdn.gymrats.app/8f447b97-b10b-4928-bf4a-b6e97ccb0d27.jpg,,
325917224,1400,library,https://cdn.gymrats.app/02af14c7-35d1-4d94-b86d-019256bdbd93.jpg,2025-07-24T22:20:52,1866,2025-07-24T22:20:52,295584217,image/jpg,,https://cdn.gymrats.app/02af14c7-35d1-4d94-b86d-019256bdbd93.jpg,,
325917223,1068,library,https://cdn.gymrats.app/fac4ea1e-db56-4e84-9e84-4608bade7d7a.jpg,2025-07-24T22:20:52,1370,2025-07-24T22:20:52,295584217,image/jpg,,https://cdn.gymrats.app/fac4ea1e-db56-4e84-9e84-4608bade7d7a.jpg,,
325923435,1400,library,https://cdn.gymrats.app/06454833-755a-4a9d-8ff3-8721b3029a7d.jpg,2025-07-24T22:24:37,1050,2025-07-24T22:24:37,295589996,image/jpg,,,,
325982185,1400,library,https://cdn.gymrats.app/b95eb952-977a-4995-81ad-cac4a93513e6.jpg,2025-07-24T22:59:19,3108,2025-07-24T22:59:19,295644980,image/jpg,2025-07-24T22:57:35,https://cdn.gymrats.app/b95eb952-977a-4995-81ad-cac4a93513e6.jpg,,
325988858,1290,library,https://cdn.gymrats.app/5246e16b-0f4f-47df-9ba5-3fa15572db6b.jpg,2025-07-24T23:02:42,1956,2025-07-24T23:02:42,295648700,image/jpg,,,,
325988857,1400,library,https://cdn.gymrats.app/72b1015c-bea5-4662-bf93-8e04d3f63659.jpg,2025-07-24T23:02:42,962,2025-07-24T23:02:42,295648700,image/jpg,,,,
325988856,1400,library,https://cdn.gymrats.app/cc96c069-db33-4ff9-9ebc-630abc9f2d73.jpg,2025-07-24T23:02:42,1866,2025-07-24T23:02:42,295648700,image/jpg,,,,
325988386,1280,library,https://cdn.gymrats.app/1ea8b21c-719b-46ec-8f87-afce19977a13.jpg,2025-07-24T23:02:26,879,2025-07-24T23:02:26,295650786,image/jpg,,https://cdn.gymrats.app/1ea8b21c-719b-46ec-8f87-afce19977a13.jpg,,
325989488,1280,library,https://cdn.gymrats.app/10260b14-b2f7-420b-b78f-3ddcaaafe4e6.jpg,2025-07-24T23:03:02,878,2025-07-24T23:03:02,295651807,image/jpg,,,,
325989965,1400,library,https://cdn.gymrats.app/99fce1d0-b718-4a12-a2b8-5565f0e4ca7f.jpg,2025-07-24T23:03:17,1866,2025-07-24T23:03:17,295652237,image/jpg,,,,
326017160,1400,library,https://cdn.gymrats.app/4c4a2f6c-e7f0-490c-9392-71bebcf4e157.jpg,2025-07-24T23:18:18,787,2025-07-24T23:18:18,295677553,image/jpg,,https://cdn.gymrats.app/4c4a2f6c-e7f0-490c-9392-71bebcf4e157.jpg,,
326020076,1206,library,https://cdn.gymrats.app/a6d70238-d37c-43f6-aed9-af84328d2d55.jpg,2025-07-24T23:19:58,310,2025-07-24T23:19:58,295679763,image/jpg,,,,
326041372,1280,library,https://cdn.gymrats.app/7d0f4794-5188-4fc0-8904-c4f87c4b4c23.jpg,2025-07-24T23:31:40,878,2025-07-24T23:31:40,295699993,image/jpg,,,,
326042087,1178,library,https://cdn.gymrats.app/a3b89262-e7a4-4d79-a006-56d1039dd8f4.jpg,2025-07-24T23:32:06,2556,2025-07-24T23:32:06,295700683,image/jpg,,,,
326045795,1400,library,https://cdn.gymrats.app/fa4de5db-39c6-40eb-b47b-0cba7408a57b.jpg,2025-07-24T23:34:08,2488,2025-07-24T23:34:08,295704144,image/jpg,,https://cdn.gymrats.app/fa4de5db-39c6-40eb-b47b-0cba7408a57b.jpg,,
