id,start_time,updated_at,points,steps,created_at,calories,distance_miles,duration_millis,workout_id,platform_activity,activity_metric_amount
279339080,2025-07-17T09:14:00.000000Z,2025-07-17T09:15:23,1.03,,2025-07-17T09:15:23,,,2472000,288863717,,
279375909,2025-07-17T09:22:00.000000Z,2025-07-17T10:12:57,1.1291666666666667,,2025-07-17T10:12:57,278,,2710000,288898823,,
279391258,2025-07-17T09:29:00.000000Z,2025-07-17T10:32:10,1.1733333333333333,,2025-07-17T10:32:10,339,"""2.386065378191362""",2816000,288913230,,
279641724,2025-07-17T09:07:11.000000Z,2025-07-17T15:55:22,1.225,6314,2025-07-17T15:55:22,519,"""4.074322526528732""",2940000,289148770,running,
279644759,2025-07-17T08:59:00.000000Z,2025-07-17T15:59:14,1.3699999999999999,,2025-07-17T15:59:14,,,3288000,289151686,,
279647973,2025-07-17T16:02:00.000000Z,2025-07-17T16:03:00,1.5,,2025-07-17T16:03:00,,,3600000,289154711,,
279936170,2025-07-17T22:02:00.000000Z,2025-07-18T11:18:01,1.475,,2025-07-17T21:56:08,,,3540000,289427666,,
279968073,2025-07-17T21:30:00.000000Z,2025-07-17T22:15:23,1.075,,2025-07-17T22:15:23,,,2580000,289458050,,
280005366,2025-07-17T21:37:00.000000Z,2025-07-17T22:37:37,1.825,,2025-07-17T22:37:37,,,4380000,289493170,,
280010109,2025-07-17T22:39:00.000000Z,2025-07-17T22:40:23,1.5,,2025-07-17T22:40:23,,,3600000,289497622,,
280011114,2025-07-17T22:40:00.000000Z,2025-07-17T22:40:58,1.0270833333333333,,2025-07-17T22:40:58,,"""1.242742384474668""",2465000,289498580,,
280077545,2025-07-17T21:23:39.000000Z,2025-07-17T23:17:57,1.2616666666666667,,2025-07-17T23:17:57,,,3028000,289561354,other,
280100968,2025-07-17T22:44:21.000000Z,2025-07-17T23:30:58,1.0692320833333333,,2025-07-17T23:30:58,395,,2566157,289583300,elliptical,
280143089,2025-07-17T23:53:46.149908Z,2025-07-17T23:54:59,1.0241666666666667,,2025-07-17T23:54:59,,"""1.7709078978764017""",2458000,289622742,,
280151214,2025-07-17T23:58:09.273312Z,2025-07-17T23:59:53,1.35,,2025-07-17T23:59:53,480,"""11.806052652509345""",3240000,289630388,,
280172941,2025-07-17T15:20:01.000000Z,2025-07-18T00:11:52,1.7263787499999999,,2025-07-18T00:11:52,647,,4143309,289650720,strength_training,
280198219,2025-07-17T23:24:00.000000Z,2025-07-18T00:26:58,1.5,,2025-07-18T00:26:58,,,3600000,289674280,,
280217192,2025-07-17T23:04:00.000000Z,2025-07-18T00:38:56,1.5,,2025-07-18T00:38:56,,,3600000,289691885,,
280228915,2025-07-17T22:35:00.000000Z,2025-07-18T00:46:58,2.4,,2025-07-18T00:46:58,,,5760000,289702755,,
280244965,2025-07-18T00:03:00.000000Z,2025-07-18T00:58:01,1.1324999999999998,135,2025-07-18T00:58:01,447,"""3.951920782629444""",2718000,289717472,,
280248100,2025-07-18T00:57:37.219634Z,2025-07-18T01:00:13,1.0483333333333333,,2025-07-18T01:00:13,,,2516000,289720341,,
280297219,2025-07-18T00:19:00.000000Z,2025-07-18T01:42:07,1.875,,2025-07-18T01:42:07,,,4500000,289765291,,
280297220,2025-07-18T00:19:00.000000Z,2025-07-18T01:42:07,1.875,,2025-07-18T01:42:07,,,4500000,289765291,,
280378933,2025-07-18T08:50:00.000000Z,2025-07-18T09:28:28,1.0258333333333334,,2025-07-18T08:50:51,,,2462000,289839102,,
280396275,2025-07-18T08:51:59.000000Z,2025-07-18T09:38:09,1.0016666666666667,364,2025-07-18T09:38:09,193,"""0""",2404000,289855756,strength_training,
280398857,2025-07-18T08:37:42.000000Z,2025-07-18T09:43:26,1.6111416666666667,,2025-07-18T09:43:26,230,,3866740,289858193,functional_training,
280410509,2025-07-18T09:03:00.000000Z,2025-07-18T10:01:59,1.32625,,2025-07-18T10:01:59,,,3183000,289869312,,
280415399,2025-07-18T09:20:00.000000Z,2025-07-18T10:07:49,1.15,,2025-07-18T10:07:49,,,2760000,289873923,,
280438909,2025-07-18T09:44:33.000000Z,2025-07-18T10:39:06,1.2970833333333334,,2025-07-18T10:39:06,368,,3113000,289896046,other,
280440177,2025-07-18T10:38:00.000000Z,2025-07-18T10:40:40,1.125,,2025-07-18T10:40:40,154,"""0.27340332458442695""",2700000,289897203,,
280489487,2025-07-18T09:33:00.000000Z,2025-07-18T11:38:45,2.175,,2025-07-18T11:38:45,,,5220000,289943425,,
280692081,2025-07-18T15:10:08.000000Z,2025-07-18T16:21:17,1.7455854166666664,,2025-07-18T16:21:17,652,,4189405,290133551,strength_training,
280942966,2025-07-18T09:02:00.000000Z,2025-07-18T21:49:38,1.525,,2025-07-18T21:49:38,531,,3660000,290370908,,
280962757,2025-07-18T22:03:00.000000Z,2025-07-18T23:08:51,1.25,,2025-07-18T22:04:14,,,3000000,290389442,,
281017296,2025-07-18T22:43:00.000000Z,2025-07-18T22:44:24,1.55,,2025-07-18T22:44:24,582,,3720000,290440634,,
281040391,2025-07-18T23:01:00.000000Z,2025-07-18T23:11:29,1.25,,2025-07-18T23:01:38,,,3000000,290462248,,
281062242,2025-07-18T23:17:00.000000Z,2025-07-18T23:17:55,1.01,,2025-07-18T23:17:55,,"""1.242742384474668""",2424000,290482806,,
281088119,2025-07-18T23:36:42.511183Z,2025-07-18T23:38:15,1.0474999999999999,,2025-07-18T23:38:15,321,,2514000,290507060,,
281095992,2025-07-18T22:32:41.000000Z,2025-07-18T23:45:35,1.06,,2025-07-18T23:44:43,245,"""0.9009882287441342""",2544000,290514484,cross_training,
281100966,2025-07-18T22:10:00.000000Z,2025-07-18T23:48:46,2.0,,2025-07-18T23:48:46,,,4800000,290519088,,
281107372,2025-07-17T08:35:59.000000Z,2025-07-18T23:54:21,1.4886283333333332,,2025-07-18T23:54:21,211,,3572708,290525019,functional_training,
281107382,2025-07-18T22:59:56.000000Z,2025-07-18T23:54:22,1.3134074999999998,,2025-07-18T23:54:22,337,,3152178,290525029,strength_training,
281130887,2025-07-18T23:30:00.000000Z,2025-07-19T00:14:09,1.15,,2025-07-19T00:14:09,,,2760000,290546933,,
281136291,2025-07-19T00:17:41.979807Z,2025-07-19T00:19:08,1.8,,2025-07-19T00:19:08,,,4320000,290551945,,
281165564,2025-07-18T23:46:00.000000Z,2025-07-19T00:47:17,1.50125,,2025-07-19T00:47:17,,,3603000,290579055,,
281204294,2025-07-19T00:21:00.000000Z,2025-07-19T01:31:35,1.625,,2025-07-19T01:31:35,,,3900000,290614572,,
281236249,2025-07-19T01:23:00.000000Z,2025-07-19T02:24:49,1.2,,2025-07-19T02:24:49,,,2880000,290643416,,
281284833,2025-07-19T08:55:00.000000Z,2025-07-19T10:25:42,1.4533333333333334,,2025-07-19T10:25:42,,"""3.2311301996341366""",3488000,290687442,,
281294391,2025-07-19T10:00:00.000000Z,2025-07-19T11:01:10,1.5,,2025-07-19T11:01:10,,"""0.7767139902966674""",3600000,290696412,,
281294741,2025-07-19T08:30:58.000000Z,2025-07-19T11:02:07,2.617916666666667,16325,2025-07-19T11:02:07,1178,"""9.027688441962233""",6283000,290696745,running,
281296964,2025-07-19T11:07:00.000000Z,2025-07-19T11:38:07,1.0254166666666666,,2025-07-19T11:08:00,,,2461000,290698837,,
281304326,2025-07-19T10:44:00.000000Z,2025-07-19T11:26:37,1.025,,2025-07-19T11:26:09,403,,2460000,290705839,,
281320540,2025-07-19T11:00:00.000000Z,2025-07-19T11:59:13,1.25,,2025-07-19T11:59:13,,,3000000,290721220,,
281327817,2025-07-19T11:00:00.000000Z,2025-07-19T12:10:10,1.5,,2025-07-19T12:10:10,,,3600000,290728091,,
281345791,2025-07-19T11:45:00.000000Z,2025-07-19T12:35:31,0.25083333333333335,,2025-07-19T12:35:31,300,"""1.2924520798536545""",602000,290745055,,
281345792,2025-07-19T10:52:29.000000Z,2025-07-19T12:35:31,1.0570833333333334,,2025-07-19T12:35:31,305,,2537000,290745055,other,
281351542,2025-07-19T11:53:18.000000Z,2025-07-19T12:43:17,1.0576004166666668,,2025-07-19T12:43:17,303,"""3.1251""",2538241,290750399,running,
281370890,2025-07-19T12:09:38.000000Z,2025-07-19T13:05:28,1.3929408333333333,,2025-07-19T13:05:28,339,"""1.2701""",3343058,290768644,cross_training,
281407028,2025-07-19T11:37:00.000000Z,2025-07-19T13:41:37,3.0,,2025-07-19T13:41:37,,,7200000,290802772,,
281417201,2025-07-19T12:45:00.000000Z,2025-07-19T13:51:10,1.0775000000000001,,2025-07-19T13:51:10,,"""3.1068559611866697""",2586000,290812314,,
281427366,2025-07-19T13:59:49.832402Z,2025-07-19T14:00:13,3.0,,2025-07-19T14:00:13,,,7200000,290821737,,
281479201,2025-07-19T13:45:30.000000Z,2025-07-19T14:43:26,1.4429233333333333,,2025-07-19T14:43:26,336,,3463016,290870514,yoga,
281480536,2025-07-19T14:44:00.000000Z,2025-07-19T14:44:38,1.0,,2025-07-19T14:44:38,,"""3.4175415573053365""",2400000,290871775,,
281540495,2025-07-19T15:32:00.000000Z,2025-07-19T15:33:36,1.2625,6672,2025-07-19T15:33:36,607,"""4.0202716137755505""",3030000,290928143,,
281555245,2025-07-19T14:35:45.000000Z,2025-07-19T15:47:21,1.2633333333333332,,2025-07-19T15:47:21,701,"""4.0209""",3032000,290941936,running,
281559389,2025-07-19T11:37:08.000000Z,2025-07-19T15:51:28,0.7793675,,2025-07-19T15:51:28,358,,1870482,290945846,martial_arts,
281559390,2025-07-19T14:35:52.000000Z,2025-07-19T15:51:28,1.8213795833333333,,2025-07-19T15:51:28,800,,4371311,290945846,strength_training,
281593240,2025-07-19T14:51:00.000000Z,2025-07-19T16:26:05,2.25,,2025-07-19T16:26:05,,,5400000,290977505,,
281595266,2025-07-19T14:40:00.000000Z,2025-07-19T16:28:20,1.6,,2025-07-19T16:28:20,,,3840000,290979412,,
281656375,2025-07-19T11:24:00.000000Z,2025-07-19T18:10:25,6.057916666666666,33504,2025-07-19T17:53:03,1800,"""14577.368169887854""",14539000,291036525,,
281756545,2025-07-19T20:38:00.000000Z,2025-07-19T20:38:39,1.075,,2025-07-19T20:38:39,,,2580000,291130326,,
281769397,2025-07-19T20:57:53.875428Z,2025-07-19T20:59:03,1.1583333333333334,,2025-07-19T20:59:03,358,,2780000,291142417,,
281786833,2025-07-19T21:27:11.342187Z,2025-07-19T21:27:49,1.025,,2025-07-19T21:27:49,,,2460000,291158633,,
281838706,2025-07-19T23:12:00.000000Z,2025-07-19T23:13:41,1.0354166666666667,,2025-07-19T23:13:18,458,"""2.386065378191362""",2485000,291206557,,
281838947,2025-07-19T22:20:00.000000Z,2025-07-19T23:13:58,1.1,,2025-07-19T23:13:58,,,2640000,291206772,,
281850395,2025-07-19T22:55:00.000000Z,2025-07-19T23:42:30,1.025,,2025-07-19T23:42:30,281,"""1.9883878151594687""",2460000,291217304,,
281854723,2025-07-19T23:53:00.000000Z,2025-07-19T23:53:53,1.0,,2025-07-19T23:53:53,,,2400000,291221166,,
281894936,2025-07-20T02:02:00.000000Z,2025-07-20T02:03:31,1.0154166666666666,,2025-07-20T02:03:31,,,2437000,291257859,,
281931525,2025-07-20T09:54:07.000000Z,2025-07-20T10:43:04,1.17353875,,2025-07-20T10:43:04,315,,2816493,291290955,cycling,
281931526,2025-07-20T09:34:48.000000Z,2025-07-20T10:43:04,0.47524333333333335,,2025-07-20T10:43:04,57,,1140584,291290955,yoga,
281932846,2025-07-20T10:49:00.000000Z,2025-07-20T10:50:07,1.0095833333333333,,2025-07-20T10:50:07,,"""3.94570707070707""",2423000,291292176,,
281933041,2025-07-20T10:03:35.000000Z,2025-07-20T10:51:05,1.0484420833333332,,2025-07-20T10:51:05,351,"""2.6442""",2516261,291292365,running,
281934186,2025-07-19T19:30:00.000000Z,2025-07-20T10:56:43,1.0258333333333334,,2025-07-20T10:56:43,,,2462000,291293424,,
281948949,2025-07-20T11:51:50.378253Z,2025-07-20T11:53:03,1.0,,2025-07-20T11:53:03,673,"""3.1938479280998964""",2400000,291307096,,
281950504,2025-07-20T11:09:37.000000Z,2025-07-20T11:57:23,1.0425,3766,2025-07-20T11:57:23,190,"""1.548370019088523""",2502000,291308555,walking,
281952314,2025-07-20T12:01:00.000000Z,2025-07-20T12:02:18,1.325,,2025-07-20T12:02:18,,,3180000,291310242,,
281964106,2025-07-20T12:28:00.000000Z,2025-07-20T12:30:01,1.9,8011,2025-07-20T12:30:01,,"""3.7841505607253634""",4560000,291321305,,
281974266,2025-07-20T01:02:32.386000Z,2025-07-20T12:51:10,1.66875,,2025-07-20T12:51:10,1042,"""6.224313136284101""",4005000,291330880,running,
281993972,2025-07-20T13:24:00.000000Z,2025-07-20T13:24:35,4.5,,2025-07-20T13:24:35,,,10800000,291349308,,
282005295,2025-07-20T13:00:00.000000Z,2025-07-20T13:41:25,1.125,,2025-07-20T13:41:25,,,2700000,291360018,,
282010335,2025-07-20T13:00:00.000000Z,2025-07-20T14:53:21,1.0391666666666668,,2025-07-20T13:47:58,390,"""3.262198759246003""",2494000,291364782,,
282021229,2025-07-20T13:01:19.000000Z,2025-07-20T14:02:05,1.4379166666666667,,2025-07-20T14:02:05,,,3451000,291374949,other,
282031794,2025-07-20T14:13:22.593555Z,2025-07-20T14:15:10,0.75,,2025-07-20T14:15:10,,"""1.4912908613696014""",1800000,291384809,,
282031795,2025-07-20T13:32:00.000000Z,2025-07-20T14:15:10,1.0,,2025-07-20T14:15:10,,,2400000,291384809,,
282042739,2025-07-20T11:30:00.000000Z,2025-07-20T14:28:19,3.75,,2025-07-20T14:28:19,,,9000000,291394976,,
282061897,2025-07-20T11:37:57.000000Z,2025-07-20T14:50:54,1.3616666666666668,463,2025-07-20T14:50:54,258,"""0""",3268000,291412926,strength_training,
282076889,2025-07-20T15:07:00.000000Z,2025-07-20T15:07:24,1.7,,2025-07-20T15:07:24,,,4080000,291427059,,
282106681,2025-07-20T12:41:00.000000Z,2025-07-20T15:43:02,3.225,,2025-07-20T15:43:02,,,7740000,291454917,,
282127112,2025-07-20T15:53:07.000000Z,2025-07-20T16:08:46,0.26791708333333336,,2025-07-20T16:08:46,76,,643001,291474028,core_training,
282127113,2025-07-20T15:12:11.000000Z,2025-07-20T16:08:46,1.0009575,,2025-07-20T16:08:46,444,,2402298,291474028,elliptical,
282219684,2025-07-20T18:25:00.000000Z,2025-07-20T19:29:25,3.0,6600,2025-07-20T19:26:23,426,"""3.1689930804104027""",3720000,291559444,,
282220627,2025-07-20T19:27:00.000000Z,2025-07-20T19:29:58,3.0,7142,2025-07-20T19:29:14,300,"""3.3554044380816035""",3900000,291560325,,
282221334,2025-07-20T19:29:00.000000Z,2025-07-20T19:31:18,3.0,6614,2025-07-20T19:31:18,,"""3.206275351944643""",3720000,291560978,,
282221874,2025-07-20T19:30:59.716042Z,2025-07-20T19:32:39,3.0,,2025-07-20T19:32:39,245,"""3.1068559611866697""",3720000,291561464,,
282222565,2025-07-20T19:33:00.000000Z,2025-07-20T21:27:41,3.0,6058,2025-07-20T19:34:33,340,"""3.1068559611866697""",3780000,291562103,,
282227636,2025-07-20T19:47:00.000000Z,2025-07-20T19:47:58,1.025,,2025-07-20T19:47:58,,,2460000,291566850,,
282244654,2025-07-20T19:40:00.000000Z,2025-07-20T20:28:35,1.025,,2025-07-20T20:28:35,294,"""2.112662053606935""",2460000,291582710,,
282258338,2025-07-20T14:05:44.000000Z,2025-07-20T20:57:23,1.30875,,2025-07-20T20:57:23,735,"""4.0861""",3141000,291595318,running,
282301490,2025-07-20T21:23:00.000000Z,2025-07-20T22:18:43,1.125,,2025-07-20T22:18:43,,,2700000,291635469,,
282311312,2025-07-20T22:37:59.436696Z,2025-07-20T22:39:13,2.925,,2025-07-20T22:39:13,,,7020000,291644524,,
282376840,2025-07-21T01:17:00.000000Z,2025-07-21T01:17:38,1.025,,2025-07-21T01:17:38,,,2460000,291704043,,
282435403,2025-07-21T08:39:33.000000Z,2025-07-21T09:22:23,1.0504166666666666,,2025-07-21T09:22:23,279,,2521000,291757967,other,
282435901,2025-07-21T08:24:43.000000Z,2025-07-21T09:23:34,1.3245833333333334,1029,2025-07-21T09:23:34,235,"""0""",3179000,291758449,strength_training,
282437052,2025-07-21T09:25:00.000000Z,2025-07-21T09:26:07,1.8029166666666665,,2025-07-21T09:26:07,,,4327000,291759550,,
282440110,2025-07-21T08:40:35.000000Z,2025-07-21T09:32:48,1.2880375000000002,,2025-07-21T09:32:48,196,,3091290,291762464,functional_training,
282445385,2025-07-21T08:40:00.000000Z,2025-07-21T09:42:09,1.5,,2025-07-21T09:42:09,,,3600000,291767494,,
282461799,2025-07-21T09:09:00.000000Z,2025-07-21T10:05:51,1.2650000000000001,,2025-07-21T10:05:51,,,3036000,291783247,,
282465474,2025-07-21T08:40:00.000000Z,2025-07-21T10:10:12,1.5,,2025-07-21T10:10:12,,,3600000,291786729,,
282550708,2025-07-21T09:35:14.000000Z,2025-07-21T12:00:22,1.1079958333333333,,2025-07-21T12:00:22,550,"""4.0142""",2659190,291867664,running,
282559698,2025-07-21T12:11:00.000000Z,2025-07-21T12:12:03,1.5104166666666665,,2025-07-21T12:12:03,,,3625000,291876237,,
282614016,2025-07-21T13:33:00.000000Z,2025-07-21T13:34:01,1.025,,2025-07-21T13:34:01,,,2460000,291927907,,
282624937,2025-07-21T13:11:01.000000Z,2025-07-21T13:51:44,1.0083333333333333,,2025-07-21T13:51:44,381,,2420000,291938318,mixed_cardio,
283043216,2025-07-21T21:07:00.000000Z,2025-07-21T21:58:34,1.25,,2025-07-21T21:57:59,494,,3000000,292336988,,
283099743,2025-07-21T21:46:13.000000Z,2025-07-21T22:26:34,1.0055337500000001,,2025-07-21T22:26:34,198,,2413281,292390772,cycling,
283137844,2025-07-21T22:00:00.000000Z,2025-07-21T22:45:02,1.05,,2025-07-21T22:45:02,,,2520000,292426563,,
283169511,2025-07-21T22:12:00.000000Z,2025-07-21T22:59:44,1.2,,2025-07-21T22:59:44,,,2880000,292456515,,
283179536,2025-07-21T22:03:00.000000Z,2025-07-21T23:03:58,1.55,,2025-07-21T23:03:58,,,3720000,292466041,,
283207059,2025-07-21T23:15:17.524860Z,2025-07-21T23:15:51,1.5,,2025-07-21T23:15:51,,,3600000,292491982,,
283230496,2025-07-21T23:27:44.433942Z,2025-07-21T23:27:51,3.0,,2025-07-21T23:26:09,,,7200000,292513899,,
283232707,2025-07-21T22:36:27.141000Z,2025-07-21T23:27:14,1.215,,2025-07-21T23:27:14,542,"""0.0""",2916000,292515917,circuit_training,
283243932,2025-07-21T22:42:00.000000Z,2025-07-21T23:32:12,1.025,,2025-07-21T23:32:12,302,"""2.1747991728306686""",2460000,292526367,,
283260766,2025-07-21T23:12:10.366000Z,2025-07-21T23:39:45,0.33333333333333337,,2025-07-21T23:39:45,104,"""0.7846426867096158""",800000,292542136,walking,
283267806,2025-07-21T22:21:14.000000Z,2025-07-21T23:42:53,1.89054,,2025-07-21T23:42:53,771,,4537296,292548695,strength_training,
283287841,2025-07-21T23:51:27.932598Z,2025-07-21T23:52:31,1.0116666666666667,,2025-07-21T23:52:31,312,"""8.07782549908534""",2428000,292567561,,
283304412,2025-07-21T23:59:52.295299Z,2025-07-22T00:00:20,1.675,,2025-07-22T00:00:20,,,4020000,292583097,,
283305696,2025-07-22T00:00:00.000000Z,2025-07-22T00:00:53,1.5,,2025-07-22T00:00:53,,,3600000,292584296,,
283354620,2025-07-22T00:23:00.000000Z,2025-07-22T00:23:48,1.5,,2025-07-22T00:23:48,350,,3600000,292629994,,
283359619,2025-07-22T00:26:00.872727Z,2025-07-22T00:26:28,1.025,,2025-07-22T00:26:28,,,2460000,292634695,,
283397350,2025-07-21T23:26:00.000000Z,2025-07-22T00:46:40,0.3745833333333333,,2025-07-22T00:46:40,60,"""0.8109515429889445""",899000,292669731,walking,
283397366,2025-07-21T23:41:38.841000Z,2025-07-22T00:46:41,0.061250000000000006,,2025-07-22T00:46:41,15,"""0.11905472043267318""",147000,292669743,walking,
283483331,2025-07-22T01:45:00.000000Z,2025-07-22T01:46:06,1.0129166666666667,,2025-07-22T01:46:06,,,2431000,292748778,,
283510409,2025-07-21T21:39:00.000000Z,2025-07-22T02:15:03,1.025,,2025-07-22T02:15:03,,,2460000,292773259,,
283515252,2025-07-22T02:21:00.000000Z,2025-07-22T02:21:42,1.075,,2025-07-22T02:21:42,,,2580000,292777645,,
283565984,2025-07-22T08:49:37.573389Z,2025-07-22T08:50:08,1.25,,2025-07-22T08:50:08,,,3000000,292824043,,
283584385,2025-07-22T08:34:29.000000Z,2025-07-22T09:30:47,1.3743291666666666,,2025-07-22T09:30:47,194,,3298390,292841645,functional_training,
283587319,2025-07-22T08:33:00.000000Z,2025-07-22T09:35:23,1.65,,2025-07-22T09:35:23,,,3960000,292844441,,
283592461,2025-07-22T09:42:00.000000Z,2025-07-22T09:43:20,1.0758333333333332,,2025-07-22T09:43:20,459,,2582000,292849258,,
283620677,2025-07-22T09:24:54.000000Z,2025-07-22T10:14:13,1.2279166666666668,,2025-07-22T10:14:13,295,,2947000,292876114,other,
283722911,2025-07-22T11:15:34.000000Z,2025-07-22T11:57:28,1.0320833333333332,6394,2025-07-22T11:57:28,459,"""3.7290349359739126""",2477000,292972420,running,
283837729,2025-07-22T14:23:00.000000Z,2025-07-22T14:23:14,1.025,,2025-07-22T14:23:14,,,2460000,293080380,,
284192254,2025-07-22T20:45:00.000000Z,2025-07-22T21:28:53,1.05,,2025-07-22T21:28:53,,"""12.427423844746679""",2520000,293415733,,
284221137,2025-07-22T21:10:00.000000Z,2025-07-22T21:47:13,1.25,,2025-07-22T21:47:13,,,3000000,293443003,,
284371479,2025-07-22T22:01:00.000000Z,2025-07-22T23:04:04,3.0,,2025-07-22T23:04:04,,,3420000,293585291,,
284371822,2025-07-22T23:02:00.000000Z,2025-07-22T23:04:11,3.0,,2025-07-22T23:04:11,,,3420000,293585615,,
284376048,2025-07-22T21:58:59.000000Z,2025-07-22T23:07:02,3.0,,2025-07-22T23:06:05,339,,3312000,293589541,strength_training,
284376774,2025-07-22T22:00:00.000000Z,2025-07-22T23:06:22,3.0,,2025-07-22T23:06:22,,,3600000,293590236,,
284382348,2025-07-22T23:07:00.000000Z,2025-07-22T23:08:42,3.0,,2025-07-22T23:08:42,,"""3.1752067923327765""",2535000,293595466,,
284382349,2025-07-22T23:06:00.000000Z,2025-07-22T23:08:42,1.05625,,2025-07-22T23:08:42,,"""3.1752067923327765""",2535000,293595466,,
284382487,2025-07-22T23:07:00.000000Z,2025-07-22T23:08:46,3.0,,2025-07-22T23:08:46,393,"""3.1752067923327765""",2535000,293595603,,
284382488,2025-07-22T22:20:42.000000Z,2025-07-22T23:08:46,1.0563666666666667,,2025-07-22T23:08:46,393,"""3.1748""",2535280,293595603,running,
284382504,2025-07-22T22:20:00.000000Z,2025-07-22T23:08:46,3.0,,2025-07-22T23:08:46,393,"""3.1752067923327765""",2535000,293595621,,
284405782,2025-07-22T23:18:52.266293Z,2025-07-22T23:19:42,1.0920833333333333,,2025-07-22T23:19:42,337,,2621000,293617525,,
284429699,2025-07-22T22:28:00.000000Z,2025-07-22T23:31:03,1.5,,2025-07-22T23:31:03,,,3600000,293640113,,
284446483,2025-07-22T22:26:00.000000Z,2025-07-22T23:38:53,1.4,,2025-07-22T23:38:53,,"""5.089030064423764""",3360000,293655912,,
284515479,2025-07-23T00:11:00.000000Z,2025-07-23T00:11:51,1.175,,2025-07-23T00:11:51,,,2820000,293720162,,
284518128,2025-07-23T00:12:37.836987Z,2025-07-23T00:13:07,1.85,,2025-07-23T00:13:07,,,4440000,293722641,,
284524439,2025-07-22T23:32:38.000000Z,2025-07-23T00:16:10,1.0074999999999998,5215,2025-07-23T00:16:10,345,"""4.243975791318181""",2418000,293728490,treadmill,
284527038,2025-07-23T00:17:00.000000Z,2025-07-23T00:17:27,1.5,,2025-07-23T00:17:27,350,,3600000,293730900,,
284600964,2025-07-22T22:12:46.000000Z,2025-07-23T00:58:19,1.5816666666666666,,2025-07-23T00:58:19,,,3796000,293799486,other,
284638113,2025-07-23T00:33:00.000000Z,2025-07-23T01:22:48,1.025,,2025-07-23T01:22:48,302,"""2.1747991728306686""",2460000,293833596,,
284707663,2025-07-23T01:21:00.000000Z,2025-07-23T02:37:03,1.75,,2025-07-23T02:37:03,,,4200000,293896758,,
284718009,2025-07-22T23:29:50.000000Z,2025-07-23T02:55:16,1.2928454166666667,,2025-07-23T02:55:16,545,,3102829,293905750,strength_training,
284719309,2025-07-23T02:00:00.000000Z,2025-07-23T02:57:42,1.2854166666666667,,2025-07-23T02:57:42,,,3085000,293906860,,
284720630,2025-07-23T01:33:00.000000Z,2025-07-23T03:00:08,1.7045833333333333,,2025-07-23T03:00:08,1013,"""6.226139346218086""",4091000,293907996,running,
284751386,2025-07-23T08:56:20.956708Z,2025-07-23T08:56:41,1.25,,2025-07-23T08:56:41,,,3000000,293936115,,
284755932,2025-07-23T08:36:00.000000Z,2025-07-23T09:07:54,2.275,,2025-07-23T09:07:54,,,5460000,293940486,,
284762182,2025-07-23T08:33:26.000000Z,2025-07-23T09:21:22,1.1689445833333334,,2025-07-23T09:21:22,204,,2805467,293946469,functional_training,
284773401,2025-07-23T08:56:00.000000Z,2025-07-23T09:41:43,1.0754166666666667,,2025-07-23T09:41:43,,,2581000,293957181,,
284779627,2025-07-23T09:50:00.000000Z,2025-07-23T11:48:20,1.5,,2025-07-23T09:51:04,,,3600000,293963127,,
284893659,2025-07-23T10:55:03.000000Z,2025-07-23T11:52:30,1.4179166666666667,8758,2025-07-23T11:52:30,642,"""5.011774984092898""",3403000,294070621,running,
284904072,2025-07-18T00:00:00.000000Z,2025-07-23T12:06:00,1.625,,2025-07-23T12:03:58,,"""6.2137119223733395""",3900000,294080358,,
285248339,2025-07-23T19:55:00.000000Z,2025-07-23T19:55:36,1.125,,2025-07-23T19:55:36,,,2700000,294405202,,
285368074,2025-07-23T20:36:00.000000Z,2025-07-23T21:37:41,1.175,,2025-07-23T21:37:41,,"""13.048795036984012""",2820000,294518774,,
285373231,2025-07-23T21:39:00.000000Z,2025-07-23T21:41:10,1.25,,2025-07-23T21:41:10,,,3000000,294523600,,
285403604,2025-07-21T23:07:13.204000Z,2025-07-23T22:00:30,0.08666666666666667,,2025-07-23T22:00:30,10,"""0.08184452795673268""",208000,294552513,walking,
285454023,2025-07-23T21:42:08.000000Z,2025-07-23T22:28:20,1.0266079166666668,,2025-07-23T22:28:20,445,"""3.2832""",2463859,294600414,running,
285475553,2025-07-23T21:45:00.000000Z,2025-07-23T22:40:13,1.25,,2025-07-23T22:40:13,,"""0.6835083114610674""",3000000,294620806,,
285488457,2025-07-23T21:38:48.000000Z,2025-07-23T22:48:31,3.0,,2025-07-23T22:47:28,362,,3868000,294633023,strength_training,
285515987,2025-07-23T23:00:38.642849Z,2025-07-23T23:01:40,1.0162499999999999,,2025-07-23T23:01:40,373,"""8.699196691322674""",2439000,294658889,,
285518166,2025-07-23T21:52:00.000000Z,2025-07-23T23:02:46,3.0,,2025-07-23T23:02:46,,,3120000,294660940,,
285522840,2025-07-23T23:03:28.664768Z,2025-07-23T23:04:56,1.55,,2025-07-23T23:04:56,,,3720000,294665287,,
285546017,2025-07-23T21:54:00.000000Z,2025-07-23T23:18:28,1.5095833333333333,439,2025-07-23T23:16:19,222,"""0""",3623000,294687139,strength_training,
285578367,2025-07-23T22:37:19.000000Z,2025-07-23T23:33:20,1.3390858333333333,,2025-07-23T23:33:20,288,"""0.6635""",3213806,294717345,cross_training,
285582828,2025-07-23T22:34:01.984000Z,2025-07-23T23:35:33,1.50375,,2025-07-23T23:35:33,671,"""0.0""",3609000,294721542,circuit_training,
285618882,2025-07-23T23:51:00.000000Z,2025-07-23T23:54:38,3.0,,2025-07-23T23:54:38,559,,3539000,294755037,,
285628187,2025-07-23T23:58:39.253424Z,2025-07-23T23:59:35,1.525,,2025-07-23T23:59:35,,,3660000,294763684,,
285642598,2025-07-23T22:46:00.000000Z,2025-07-24T00:07:24,0.7,,2025-07-24T00:07:24,156,"""1.9436863715899146""",1680000,294777045,walking,
285642649,2025-07-23T22:01:35.908000Z,2025-07-24T00:07:25,2.816666666666667,,2025-07-24T00:07:25,923,"""6.149534220154299""",6760000,294777095,walking,
285672621,2025-07-23T21:50:00.000000Z,2025-07-24T00:24:04,3.0,,2025-07-24T00:24:04,,,3600000,294804965,,
285676043,2025-07-23T23:37:26.000000Z,2025-07-24T00:26:11,1.0758016666666665,,2025-07-24T00:26:11,347,,2581924,294808162,strength_training,
285676839,2025-07-24T00:26:00.000000Z,2025-07-24T00:26:40,1.0079166666666668,,2025-07-24T00:26:40,,,2419000,294808907,,
285686939,2025-07-23T22:11:00.000000Z,2025-07-24T00:32:34,2.675,,2025-07-24T00:32:34,,"""6.2137119223733395""",6420000,294818204,,
285721218,2025-07-23T22:01:00.000000Z,2025-07-28T16:19:12,3.0,,2025-07-24T00:54:21,923,"""6.1515748031496065""",6760000,294850034,walking,
285723094,2025-07-23T23:45:00.000000Z,2025-07-24T00:55:32,1.0708333333333333,,2025-07-24T00:55:32,,"""3.3554044380816035""",2570000,294851787,,
285782123,2025-07-24T00:52:00.000000Z,2025-07-24T01:41:49,1.025,,2025-07-24T01:41:49,252,"""1.8019764574882684""",2460000,294905899,,
285873462,2025-07-24T09:10:00.000000Z,2025-07-24T09:11:44,2.125,,2025-07-24T09:11:44,,,5100000,294988808,,
285881050,2025-07-24T08:37:07.000000Z,2025-07-24T09:29:11,1.2818191666666667,,2025-07-24T09:29:11,196,,3076366,294996058,functional_training,
285889600,2025-07-24T09:44:00.000000Z,2025-07-24T09:45:10,1.3258333333333332,,2025-07-24T09:45:10,,,3182000,295004120,,
285993265,2025-07-23T22:13:57.069000Z,2025-07-24T11:45:17,2.6441666666666666,,2025-07-24T11:45:17,970,"""6.400793739560964""",6346000,295101304,running,
286004200,2025-07-24T11:12:36.000000Z,2025-07-24T11:58:31,1.1341666666666668,,2025-07-24T11:58:31,404,,2722000,295111708,mixed_cardio,
286410765,2025-07-24T21:09:09.508478Z,2025-07-24T21:17:38,1.25,,2025-07-24T21:17:38,,,3000000,295495821,,
286466682,2025-07-24T21:57:31.689959Z,2025-07-24T21:58:10,1.225,,2025-07-24T21:58:10,,"""15.534279805933348""",2940000,295548861,,
286503923,2025-07-24T21:22:00.000000Z,2025-07-24T22:20:52,1.375,,2025-07-24T22:20:52,,,3300000,295584217,,
286510092,2025-07-24T22:22:00.000000Z,2025-07-24T22:24:37,3.0,,2025-07-24T22:24:37,,"""3.0447188419629363""",2820000,295589996,,
286568280,2025-07-24T22:58:42.516442Z,2025-07-24T22:59:19,1.0020833333333334,,2025-07-24T22:59:19,358,"""8.699196691322674""",2405000,295644980,,
286572224,2025-07-24T21:45:14.000000Z,2025-07-24T23:02:42,3.0,,2025-07-24T23:01:22,391,,4147000,295648700,strength_training,
286574460,2025-07-24T22:02:00.000000Z,2025-07-24T23:02:26,3.0,,2025-07-24T23:02:26,,,3600000,295650786,,
286574617,2025-07-24T15:21:02.000000Z,2025-07-24T23:02:31,0.27375,,2025-07-24T23:02:31,48,"""0.44255920424719636""",657000,295650926,walking,
286574623,2025-07-24T15:51:00.000000Z,2025-07-24T23:02:32,0.275,,2025-07-24T23:02:32,47,"""0.42885175574644074""",660000,295650932,walking,
286575557,2025-07-24T22:13:00.000000Z,2025-07-24T23:03:02,3.0,,2025-07-24T23:03:02,,,2580000,295651807,,
286576005,2025-07-24T23:01:00.000000Z,2025-07-24T23:03:17,1.025,,2025-07-24T23:03:17,,,2460000,295652237,,
286602912,2025-07-24T23:17:44.272900Z,2025-07-24T23:18:18,2.25,,2025-07-24T23:18:18,,,5400000,295677553,,
286620935,2025-07-24T21:34:40.000000Z,2025-07-24T23:28:24,1.3713995833333334,,2025-07-24T23:28:24,174,,3291359,295694541,yoga,
286626772,2025-07-24T23:30:00.000000Z,2025-07-24T23:31:40,3.0,,2025-07-24T23:31:40,716,,4260000,295699993,,
286627508,2025-07-24T23:31:00.000000Z,2025-07-24T23:32:06,1.1758333333333333,,2025-07-24T23:32:06,,,2822000,295700683,,
286631242,2025-07-24T22:32:52.379000Z,2025-07-24T23:34:08,1.3074999999999999,,2025-07-24T23:34:08,532,"""0.0""",3138000,295704144,circuit_training,
286685785,2025-07-25T00:05:13.722904Z,2025-07-25T00:05:40,1.5,,2025-07-25T00:05:40,,,3600000,295755122,,
286719479,2025-07-24T23:27:42.000000Z,2025-07-25T00:26:40,1.4461733333333333,,2025-07-25T00:26:40,504,,3470816,295786535,strength_training,
286739102,2025-07-25T00:39:00.000000Z,2025-07-25T00:39:23,1.5,,2025-07-25T00:39:23,,,3600000,295804739,,
286753820,2025-07-25T00:46:00.000000Z,2025-07-25T00:49:36,2.375,,2025-07-25T00:49:36,,,5700000,295818434,,
286791556,2025-07-24T21:17:17.000000Z,2025-07-25T01:18:24,1.1954166666666668,6111,2025-07-25T01:18:24,475,"""3.04705655734649""",2869000,295853250,running,
286793590,2025-07-24T23:42:00.000000Z,2025-07-25T01:20:12,1.125,,2025-07-25T01:20:12,341,"""2.4233476497256023""",2700000,295855096,,
286812953,2025-07-25T01:36:00.000000Z,2025-07-25T01:38:32,1.0625,,2025-07-25T01:38:32,,,2550000,295872773,,
286902224,2025-07-25T09:11:00.000000Z,2025-07-25T09:11:45,1.975,,2025-07-25T09:11:45,,,4740000,295953970,,
286904713,2025-07-25T08:22:54.000000Z,2025-07-25T09:18:52,1.3711145833333334,,2025-07-25T09:18:52,206,,3290675,295956352,functional_training,
286911608,2025-07-25T09:34:26.267515Z,2025-07-25T09:35:20,1.0908333333333333,,2025-07-25T09:35:20,372,"""8.699196691322674""",2618000,295962895,,
286915808,2025-07-25T09:42:00.000000Z,2025-07-25T09:43:58,1.25,,2025-07-25T09:43:58,,,3000000,295966901,,
286923772,2025-07-25T09:56:00.000000Z,2025-07-25T09:57:29,1.1712500000000001,,2025-07-25T09:57:29,,"""2.044311222460829""",2811000,295974503,,
286934482,2025-07-25T10:10:36.615404Z,2025-07-25T10:11:11,1.0329166666666667,,2025-07-25T10:11:11,,,2479000,295984642,,
286937563,2025-07-25T09:29:47.000000Z,2025-07-25T10:15:20,1.0830266666666666,,2025-07-25T10:15:20,300,,2599264,295987567,strength_training,
286950761,2025-07-25T09:51:52.000000Z,2025-07-25T10:33:46,1.025505,,2025-07-25T10:33:46,373,,2461212,296000012,martial_arts,
287004130,2025-07-25T09:52:16.000000Z,2025-07-25T11:37:41,1.2358333333333333,,2025-07-25T11:37:41,326,,2966000,296049908,other,
287087199,2025-07-25T12:40:05.000000Z,2025-07-25T13:33:45,1.3195833333333333,7752,2025-07-25T13:33:45,562,"""4.348100841088046""",3167000,296127377,running,
287184664,2025-07-25T15:32:49.625000Z,2025-07-25T15:57:18,0.35750000000000004,,2025-07-25T15:57:18,82,"""0.4737458243855881""",858000,296219403,walking,
287521599,2025-07-25T22:00:00.000000Z,2025-07-25T22:50:33,1.5,,2025-07-25T22:50:33,,,3600000,296538222,,
287537802,2025-07-25T23:01:00.000000Z,2025-07-25T23:02:51,1.3,,2025-07-25T23:02:51,,,3120000,296553483,,
287570250,2025-07-25T22:33:02.594000Z,2025-07-25T23:28:05,1.1545833333333333,,2025-07-25T23:28:05,490,"""0.0""",2771000,296583787,circuit_training,
287577192,2025-07-25T22:41:36.000000Z,2025-07-25T23:33:41,1.27798375,,2025-07-25T23:33:41,290,"""1.4583""",3067161,296590264,cross_training,
287632619,2025-07-25T23:22:52.000000Z,2025-07-26T00:21:46,1.0208333333333335,311,2025-07-26T00:21:46,140,"""0""",2450000,296641901,strength_training,
287670662,2025-07-26T01:00:00.000000Z,2025-07-26T01:01:20,2.1,,2025-07-26T01:01:20,,,5040000,296676990,,
287679196,2025-07-25T21:35:00.000000Z,2025-07-26T01:10:54,1.025,,2025-07-26T01:10:54,,,2460000,296684767,,
287704677,2025-07-26T00:54:00.000000Z,2025-07-26T01:46:08,1.025,,2025-07-26T01:46:08,309,"""2.1747991728306686""",2460000,296707760,,
287716175,2025-07-26T02:04:52.497461Z,2025-07-26T02:05:26,1.7,,2025-07-26T02:05:26,,,4080000,296718206,,
287729926,2025-07-25T18:00:00.000000Z,2025-07-26T02:32:18,1.5,,2025-07-26T02:32:18,652,,3600000,296730552,,
287756110,2025-07-26T01:44:45.209000Z,2025-07-26T05:30:37,1.6970833333333335,,2025-07-26T05:30:37,1000,"""6.224409448818897""",4073000,296753984,running,
287772151,2025-07-26T10:20:00.000000Z,2025-07-26T10:22:08,1.10375,,2025-07-26T10:22:08,,,2649000,296768981,,
287812464,2025-07-26T10:57:18.000000Z,2025-07-26T12:07:03,1.6798079166666668,,2025-07-26T12:07:03,210,,4031539,296807150,yoga,
287904521,2025-07-26T13:09:21.000000Z,2025-07-26T13:54:19,1.0516666666666667,,2025-07-26T13:54:19,300,,2524000,296893953,mixed_cardio,
287982582,2025-07-26T14:59:00.000000Z,2025-07-26T14:59:48,1.25,,2025-07-26T14:59:48,,,3000000,296967372,,
288035528,2025-07-26T14:19:42.000000Z,2025-07-26T15:45:49,1.9894120833333333,,2025-07-26T15:45:49,402,,4774589,297017080,strength_training,
288084647,2025-07-26T15:35:52.000000Z,2025-07-26T16:36:48,1.02875,,2025-07-26T16:36:48,,"""4.0556""",2469000,297062759,running,
288088899,2025-07-26T15:54:15.000000Z,2025-07-26T16:42:00,1.07620125,,2025-07-26T16:42:00,415,,2582883,297066791,stairs,
288096137,2025-07-26T16:50:00.000000Z,2025-07-26T16:51:02,1.1,,2025-07-26T16:51:02,,,2640000,297073564,,
288101250,2025-07-26T16:56:00.000000Z,2025-07-26T16:57:42,1.875,,2025-07-26T16:57:42,,"""3.1068559611866697""",4500000,297078348,,
288101356,2025-07-26T16:57:00.000000Z,2025-07-26T16:57:47,1.5,,2025-07-26T16:57:47,,,3600000,297078448,,
288113636,2025-07-26T15:08:48.000000Z,2025-07-26T17:14:11,1.0270833333333333,1907,2025-07-26T17:14:11,235,"""0""",2465000,297089882,strength_training,
288185120,2025-07-26T19:11:16.702339Z,2025-07-26T19:12:18,1.0887499999999999,,2025-07-26T19:12:18,359,"""8.699196691322674""",2613000,297156709,,
288185265,2025-07-26T19:11:00.000000Z,2025-07-26T19:12:29,1.1,,2025-07-26T19:12:29,,,2640000,297156839,,
288187871,2025-07-26T19:15:00.000000Z,2025-07-26T19:17:22,1.0129166666666667,,2025-07-26T19:17:22,,"""2.491698480871709""",2431000,297159287,,
288223136,2025-07-26T18:51:00.000000Z,2025-07-26T20:17:12,2.05,,2025-07-26T20:17:12,,,4920000,297192156,,
288227151,2025-07-26T19:22:11.747000Z,2025-07-26T20:24:21,1.3045833333333332,,2025-07-26T20:24:21,339,"""6.436858744929611""",3131000,297195865,cycling,
288248110,2025-07-26T21:00:46.580131Z,2025-07-26T21:01:18,1.295,,2025-07-26T21:01:18,,,3108000,297215535,,
288266812,2025-07-26T13:40:00.000000Z,2025-07-26T21:32:20,1.025,,2025-07-26T21:32:20,,,2460000,297232771,,
288291944,2025-07-26T11:05:00.000000Z,2025-07-26T22:19:09,1.5,,2025-07-26T22:19:09,,"""1.8641135767120018""",3600000,297256110,,
288305066,2025-07-26T22:45:56.196255Z,2025-07-26T22:47:01,1.05,,2025-07-26T22:47:01,245,"""2.485484768949336""",2520000,297268198,,
288338532,2025-07-26T23:00:00.000000Z,2025-07-27T00:11:10,1.875,,2025-07-27T00:11:10,,,4500000,297298984,,
288372520,2025-07-27T01:16:00.000000Z,2025-07-27T02:01:43,1.025,,2025-07-27T02:01:43,311,"""2.236936292054402""",2460000,297329721,,
288406566,2025-07-27T10:26:51.832796Z,2025-07-27T10:27:52,1.125,,2025-07-27T10:27:52,,"""3.7282271534240037""",2700000,297360502,,
288436704,2025-07-27T11:32:50.000000Z,2025-07-27T12:21:04,3.0,,2025-07-27T12:21:04,291,"""2.8665""",2713000,297388804,running,
288438514,2025-07-25T22:04:47.000000Z,2025-07-27T12:25:21,0.619405,,2025-07-27T12:25:21,133,,1486572,297390524,other,
288438519,2025-07-26T15:00:30.000000Z,2025-07-27T12:25:21,1.2195833333333332,,2025-07-27T12:25:21,,,2927000,297390529,other,
288438522,2025-07-27T11:26:04.000000Z,2025-07-27T12:25:22,1.3708333333333333,,2025-07-27T12:25:22,,,3290000,297390532,other,
288440918,2025-07-27T12:30:00.000000Z,2025-07-27T12:30:42,2.475,,2025-07-27T12:30:42,,,5940000,297392793,,
288449474,2025-07-27T12:47:00.000000Z,2025-07-27T12:48:56,3.0,,2025-07-27T12:47:52,,,3600000,297400900,,
288449783,2025-07-27T12:48:00.000000Z,2025-07-27T12:48:37,3.0,,2025-07-27T12:48:37,,,,297401178,,
288479212,2025-07-27T12:33:49.000000Z,2025-07-27T13:38:15,3.0,,2025-07-27T13:35:07,239,,2879000,297428781,yoga,
288493134,2025-07-27T11:32:00.000000Z,2025-07-27T13:54:19,3.0,,2025-07-27T13:54:19,,,2713000,297441852,,
288495028,2025-07-27T12:30:00.000000Z,2025-07-27T13:56:46,3.0,,2025-07-27T13:56:46,,,3000000,297443643,,
288499420,2025-07-27T14:01:00.000000Z,2025-07-27T14:02:01,1.0,,2025-07-27T14:02:01,,,2400000,297447724,,
288523271,2025-07-27T09:41:22.632000Z,2025-07-27T14:30:35,1.5254166666666666,,2025-07-27T14:30:35,971,"""6.220072277897081""",3661000,297470105,running,
288572001,2025-07-27T15:09:15.000000Z,2025-07-27T15:25:05,0.34231291666666663,,2025-07-27T15:25:05,101,,821551,297515710,core_training,
288572002,2025-07-27T14:22:41.000000Z,2025-07-27T15:25:05,1.15837125,,2025-07-27T15:25:05,536,,2780091,297515710,elliptical,
288576724,2025-07-27T14:30:00.000000Z,2025-07-27T15:30:33,1.5,,2025-07-27T15:30:33,,,3600000,297520090,,
288577832,2025-07-27T15:31:00.000000Z,2025-07-28T12:48:40,3.0,,2025-07-27T15:31:48,,,2820000,297521098,,
288600468,2025-07-27T14:12:22.000000Z,2025-07-27T16:00:22,1.9254166666666666,11368,2025-07-27T16:00:22,823,"""6.215631959357353""",4621000,297542200,running,
288604839,2025-07-27T16:04:36.476477Z,2025-07-27T16:05:53,1.975,,2025-07-27T16:05:53,,,4740000,297546261,,
288705892,2025-07-27T19:47:00.000000Z,2025-07-27T19:48:12,1.175,,2025-07-27T19:48:12,,,2820000,297639344,,
288705961,2025-07-27T12:37:11.000000Z,2025-07-27T19:48:22,2.0045833333333336,,2025-07-27T19:48:22,346,"""2.7402""",4811000,297639407,running,
288755359,2025-07-27T21:37:00.000000Z,2025-07-27T21:38:50,1.2,5282,2025-07-27T21:38:50,,,2880000,297685131,,
288763090,2025-07-27T21:09:10.000000Z,2025-07-27T21:52:43,1.0389329166666665,,2025-07-27T21:52:43,115,,2493439,297692227,yoga,
288775539,2025-07-27T22:13:39.629722Z,2025-07-27T22:16:09,1.0025,,2025-07-27T22:16:09,395,"""9.32056788356001""",2406000,297703619,,
288784083,2025-07-27T13:00:00.000000Z,2025-07-27T22:32:52,1.5,,2025-07-27T22:32:52,,,3600000,297711448,,
288803500,2025-07-27T23:14:00.000000Z,2025-07-27T23:14:45,1.00125,,2025-07-27T23:14:45,200,"""1.8641135767120018""",2403000,297729352,,
288809263,2025-07-27T22:28:00.000000Z,2025-07-27T23:27:42,1.425,,2025-07-27T23:27:42,,,3420000,297734603,,
288812140,2025-07-27T22:12:00.000000Z,2025-07-27T23:33:56,1.025,4641,2025-07-27T23:33:56,349,"""2.342569394734749""",2460000,297737198,,
288821450,2025-07-27T09:06:00.000000Z,2025-07-27T23:55:00,3.0204166666666667,21182,2025-07-27T23:55:00,1746,"""13.257652399430823""",7249000,297745541,running,
288844215,2025-07-28T00:50:00.000000Z,2025-07-28T00:50:49,1.1541666666666666,,2025-07-28T00:50:49,,,2770000,297766095,,
288855734,2025-07-28T01:19:00.000000Z,2025-07-28T01:20:25,1.0125,,2025-07-28T01:20:25,,,2430000,297776540,,
288907554,2025-07-28T08:19:59.000000Z,2025-07-28T09:08:25,1.098315,,2025-07-28T09:08:25,383,"""0.7591""",2635956,297823449,cross_training,
288912218,2025-07-28T09:20:00.000000Z,2025-07-28T09:20:44,1.8404166666666666,,2025-07-28T09:20:44,,,4417000,297827903,,
288925911,2025-07-28T09:46:00.000000Z,2025-07-28T09:49:11,1.025,4923,2025-07-28T09:49:11,,,2460000,297840894,,
288935126,2025-07-28T09:14:36.000000Z,2025-07-28T10:02:44,1.0558333333333334,,2025-07-28T10:02:44,300,,2534000,297849663,other,
288936970,2025-07-28T09:06:00.000000Z,2025-07-28T10:05:13,1.38375,,2025-07-28T10:05:13,,,3321000,297851447,,
288939082,2025-07-28T08:04:00.000000Z,2025-07-28T10:07:58,1.225,,2025-07-28T10:07:58,,,2940000,297853504,,
288939083,2025-07-28T08:51:13.000000Z,2025-07-28T10:07:58,1.247015,,2025-07-28T10:07:58,497,,2992836,297853504,strength_training,
289078950,2025-07-28T12:31:26.000000Z,2025-07-28T13:32:59,1.15,6938,2025-07-28T13:32:59,450,"""3.725909438876959""",2760000,297985599,running,
289259912,2025-07-28T18:13:00.000000Z,2025-07-28T18:13:58,1.0054166666666666,,2025-07-28T18:13:58,,,2413000,298156659,,
289465396,2025-07-28T21:49:00.000000Z,2025-07-28T21:50:03,1.0279166666666666,,2025-07-28T21:50:03,,,2467000,298352193,,
289515338,2025-07-28T21:08:00.000000Z,2025-07-28T22:17:42,1.675,,2025-07-28T22:17:42,,,4020000,298399414,,
289586785,2025-07-28T21:29:21.000000Z,2025-07-28T22:55:42,3.0,,2025-07-28T22:54:36,238,,2637000,298467070,strength_training,
289586788,2025-07-28T22:14:01.000000Z,2025-07-28T22:54:36,0.7538666666666667,,2025-07-28T22:54:36,260,"""1.8735""",1809280,298467073,running,
289616418,2025-07-28T23:07:51.394645Z,2025-07-28T23:08:06,3.0,,2025-07-28T23:08:06,,,7200000,298494938,,
289624446,2025-07-28T23:11:26.417543Z,2025-07-28T23:11:45,1.425,,2025-07-28T23:11:45,,,3420000,298502503,,
289628958,2025-07-28T22:00:00.000000Z,2025-07-28T23:13:53,1.5,,2025-07-28T23:13:53,,,3600000,298506724,,
289641175,2025-07-28T21:49:15.000000Z,2025-07-28T23:19:43,1.3968075,,2025-07-28T23:19:43,699,"""4.9911""",3352338,298518191,running,
289648525,2025-07-28T22:01:00.000000Z,2025-07-28T23:23:05,1.55,,2025-07-28T23:23:05,,,3720000,298525136,,
289656302,2025-07-28T22:23:05.000000Z,2025-07-28T23:26:49,1.5745787500000001,,2025-07-28T23:26:49,583,,3778989,298532465,strength_training,
289675136,2025-07-28T21:36:00.000000Z,2025-07-28T23:35:46,3.0,,2025-07-28T23:35:46,,,4140000,298549971,,
289676305,2025-07-28T23:26:00.000000Z,2025-07-28T23:36:21,3.0,,2025-07-28T23:36:21,,,3600000,298551082,,
289720804,2025-07-28T21:30:00.000000Z,2025-07-28T23:58:50,3.0,,2025-07-28T23:58:50,,,4140000,298592409,,
289736179,2025-07-28T23:04:00.000000Z,2025-07-29T00:06:13,1.5,,2025-07-29T00:06:13,,,3600000,298606754,,
289738192,2025-07-28T23:19:00.000000Z,2025-07-29T00:07:13,1.075,,2025-07-29T00:07:13,248,,2580000,298608647,,
289839134,2025-07-28T22:38:35.000000Z,2025-07-29T01:05:05,1.13839,,2025-07-29T01:05:05,268,"""0.743""",2732136,298702289,cross_training,
289842709,2025-07-29T01:06:27.837441Z,2025-07-29T01:07:36,1.05,,2025-07-29T01:07:36,,"""2.485484768949336""",2520000,298705568,,
289869192,2025-07-28T21:47:01.000000Z,2025-07-29T01:27:55,1.8633333333333333,1314,2025-07-29T01:27:55,264,"""0""",4472000,298729921,strength_training,
289909567,2025-07-29T02:08:33.015233Z,2025-07-29T02:09:06,1.0020833333333334,,2025-07-29T02:09:06,310,"""9.32056788356001""",2405000,298766783,,
289967150,2025-07-29T08:51:38.688266Z,2025-07-29T08:51:53,1.275,,2025-07-29T08:51:53,,,3060000,298819176,,
289972625,2025-07-29T08:12:29.000000Z,2025-07-29T09:06:03,1.3126529166666665,,2025-07-29T09:06:03,459,"""0.9498""",3150367,298824474,cross_training,
289984455,2025-07-29T08:22:00.000000Z,2025-07-29T09:30:19,1.9300000000000002,,2025-07-29T09:30:19,,,4632000,298835759,,
290024117,2025-07-29T08:55:13.000000Z,2025-07-29T10:19:22,1.3058333333333334,,2025-07-29T10:19:22,,,3134000,298873284,other,
290029093,2025-07-29T08:53:36.000000Z,2025-07-29T10:25:01,1.00864,,2025-07-29T10:25:01,362,,2420736,298877937,strength_training,
290090634,2025-07-29T09:14:23.000000Z,2025-07-29T11:27:56,1.1120833333333333,,2025-07-29T11:27:56,268,,2669000,298935719,other,
290525708,2025-07-29T20:07:30.000000Z,2025-07-29T21:01:24,1.2658333333333334,,2025-07-29T21:01:24,311,,3038000,299345629,mixed_cardio,
290531488,2025-07-29T21:05:15.110659Z,2025-07-29T21:05:45,1.25,,2025-07-29T21:05:45,,,3000000,299351093,,
290680870,2025-07-29T22:35:00.000000Z,2025-07-29T22:37:07,1.15,,2025-07-29T22:36:39,,"""2.3052871232005088""",2760000,299493063,,
290705739,2025-07-29T21:15:25.000000Z,2025-07-29T22:51:31,3.0,,2025-07-29T22:49:52,487,,5024000,299516602,strength_training,
290706967,2025-07-29T22:49:33.383300Z,2025-07-29T22:50:34,1.0016666666666667,,2025-07-29T22:50:34,309,,2404000,299517778,,
290711378,2025-07-29T22:51:58.403413Z,2025-07-29T22:52:44,1.15,,2025-07-29T22:52:44,,,2760000,299521924,,
290757943,2025-07-29T22:03:00.000000Z,2025-07-29T23:14:54,3.0,,2025-07-29T23:14:54,,,2580000,299565996,,
290772193,2025-07-29T23:20:43.602649Z,2025-07-29T23:21:49,1.0245833333333334,,2025-07-29T23:21:49,,,2459000,299579418,,
290794922,2025-07-29T23:32:00.000000Z,2025-07-29T23:33:02,3.0,,2025-07-29T23:33:02,619,,3600000,299600807,,
290795254,2025-07-29T22:34:43.348000Z,2025-07-29T23:33:12,1.3183333333333334,,2025-07-29T23:33:12,566,"""0.0""",3164000,299601102,circuit_training,
290804815,2025-07-29T22:37:16.000000Z,2025-07-29T23:37:54,1.4171200000000002,,2025-07-29T23:37:54,324,"""0.9136""",3401088,299610002,cross_training,
290812240,2025-07-29T23:41:00.000000Z,2025-07-29T23:41:39,2.4,,2025-07-29T23:41:39,,,5760000,299616863,,
290823905,2025-07-29T21:50:00.000000Z,2025-07-29T23:47:40,3.0,,2025-07-29T23:47:40,,,7200000,299627704,,
290855109,2025-07-29T23:14:19.000000Z,2025-07-30T00:03:35,1.2131079166666665,,2025-07-30T00:03:35,351,,2911459,299656814,strength_training,
290871891,2025-07-29T23:25:00.000000Z,2025-07-30T00:11:46,1.075,,2025-07-30T00:11:46,218,,2580000,299672517,,
290940410,2025-07-30T00:51:00.000000Z,2025-07-30T00:51:27,1.37375,,2025-07-30T00:51:27,,,3297000,299735496,,
290980045,2025-07-30T01:17:48.256619Z,2025-07-30T01:18:07,0.0,,2025-07-30T01:18:07,341,"""3.1068559611866697""",,299771947,,
291001740,2025-07-30T01:35:00.000000Z,2025-07-30T01:36:07,1.125,,2025-07-30T01:36:07,,,2700000,299791600,,
