id,updated_at,content,created_at,account_id,workout_id
28707527,2025-07-17T23:42:29.858312Z,O gigante acordou ğŸ™ğŸ¼,2025-07-17T23:42:29.858312Z,1644752,288863717
28709781,2025-07-18T00:01:20.694885Z,AmanhÃ£ tem que tÃ¡ inteiro pro trabalho Cris kkkk,2025-07-18T00:01:20.694885Z,4629792,289427666
28704033,2025-07-17T23:12:33.419010Z,AmanhÃ£ nÃ£o consegue nem ir trabalhar  depois desse treino,2025-07-17T23:12:33.419010Z,731782,289427666
28703238,2025-07-17T23:06:08.770807Z,kkkkkkkk,2025-07-17T23:06:08.770807Z,512030,289427666
28696672,2025-07-17T22:05:31.937506Z,o homem Ã© uma mÃ¡quina de fazer pilates,2025-07-17T22:05:31.937506Z,370237,289427666
28696120,2025-07-17T21:59:25.003940Z,"Acho que a duraÃ§Ã£o ficou de 19h, Cris!",2025-07-17T21:59:25.003940Z,4441412,289427666
28707149,2025-07-17T23:39:22.726804Z,Boa Janiiiii,2025-07-17T23:39:22.726804Z,1644752,289453672
28704049,2025-07-17T23:12:47.734667Z,O gigante acordou,2025-07-17T23:12:47.734667Z,731782,289458050
28703284,2025-07-17T23:06:29.628939Z,uma maaaaaaquina de pular corda,2025-07-17T23:06:29.628939Z,512030,289458050
28703966,2025-07-17T23:11:53.741860Z,Agora comeÃ§ou ğŸ‘ğŸ¾ğŸ‘ğŸ¾ğŸ‘ğŸ¾ğŸ‘ğŸ¾ğŸ‘ğŸ¾,2025-07-17T23:11:53.741860Z,731782,289473770
28707215,2025-07-17T23:39:54.486740Z,SÃ³ a camisa que Ã© feia meu amigo ğŸ¥²,2025-07-17T23:39:54.486740Z,1644752,289493170
28707266,2025-07-17T23:40:18.410261Z,Saiu da jaulaaa,2025-07-17T23:40:18.410261Z,1644752,289497622
28729097,2025-07-18T10:37:22.437861Z,Olha sÃ³!!! AtÃ© o que Ã© pai de recÃ©m nascido foi ein,2025-07-18T10:37:22.437861Z,4441412,289498580
28707305,2025-07-17T23:40:38.822455Z,Muito beeeem,2025-07-17T23:40:38.822455Z,1644752,289498580
28707568,2025-07-17T23:42:46.911680Z,Pra cimaaa,2025-07-17T23:42:46.911680Z,1644752,289533063
28709059,2025-07-17T23:55:14.584556Z,Bora natiiiii,2025-07-17T23:55:14.584556Z,1644752,289622742
28726429,2025-07-18T08:26:51.376685Z,Tem que comprovarâ€¦ cadÃª a foto?,2025-07-18T08:26:51.376685Z,4441412,289650720
28714268,2025-07-18T00:39:59.485037Z,Pra cima,2025-07-18T00:39:59.485037Z,4629792,289691885
28727722,2025-07-18T09:55:19.345468Z,KKKKKKKKKKKKKKKKKKKKK,2025-07-18T09:55:19.345468Z,288715,289839102
28727111,2025-07-18T09:24:34.684726Z,"Velocidade 4,4, favor olhar corretamente, grata kkkkkkk",2025-07-18T09:24:34.684726Z,4624187,289839102
28726649,2025-07-18T08:53:56.329100Z,Na esteira desligada?,2025-07-18T08:53:56.329100Z,4629792,289839102
28729180,2025-07-18T10:40:16.353137Z,Treino de perna e ombro,2025-07-18T10:40:16.353137Z,512030,289896046
28746454,2025-07-18T16:36:17.661929Z,Nas fÃ©rias ğŸ’ªğŸ»ğŸ’ªğŸ»ğŸ’ªğŸ»,2025-07-18T16:36:17.661929Z,731782,290133551
28779579,2025-07-19T01:51:03.102687Z,Agora simmmmm,2025-07-19T01:51:03.102687Z,1644752,290514484
28771624,2025-07-18T23:51:33.497865Z,"Bora, PÃ³s!",2025-07-18T23:51:33.497865Z,4441412,290519088
28771414,2025-07-18T23:49:05.960530Z,Boa Tacio,2025-07-18T23:49:05.960530Z,4629792,290519088
28783541,2025-07-19T09:15:30.044435Z,Boooa,2025-07-19T09:15:30.044435Z,4629792,290643416
28784191,2025-07-19T10:35:45.824575Z,Boa Edivan,2025-07-19T10:35:45.824575Z,4629792,290687442
28794627,2025-07-19T15:00:04.472077Z,Boa Rane,2025-07-19T15:00:04.472077Z,4629792,290696412
28787614,2025-07-19T12:55:38.614834Z,uma maaaquina de fazer pontos,2025-07-19T12:55:38.614834Z,512030,290696412
28787289,2025-07-19T12:46:55.389114Z,"Se fosse por variedade de esporte, o prÃªmio era seu!!",2025-07-19T12:46:55.389114Z,731782,290696412
28822835,2025-07-20T12:24:17.132309Z,ğŸ˜‚ğŸ˜‚ğŸ˜‚ğŸ˜‚,2025-07-20T12:24:17.132309Z,4624187,290698837
28802768,2025-07-19T17:16:55.605948Z,Segue a lÃ­der,2025-07-19T17:16:55.605948Z,1177597,290698837
28787187,2025-07-19T12:44:37.022175Z,Olha ele ğŸ‘ğŸ¾,2025-07-19T12:44:37.022175Z,731782,290721220
28787198,2025-07-19T12:44:58.061432Z,Muito bom Nat ğŸ‘ğŸ¾ğŸ‘ğŸ¾ğŸ‘ğŸ¾,2025-07-19T12:44:58.061432Z,731782,290728091
28787160,2025-07-19T12:43:53.033941Z,Top ğŸ‘ğŸ¾ğŸ‘ğŸ¾ğŸ‘ğŸ¾ğŸƒğŸ»â€â™€ï¸â€â¡ï¸,2025-07-19T12:43:53.033941Z,731782,290742326
28786736,2025-07-19T12:31:57.111302Z,Boa Everson ğŸ‘ğŸ»ğŸ‘ğŸ»ğŸ‘ğŸ»,2025-07-19T12:31:57.111302Z,4629792,290742326
28788892,2025-07-19T13:23:38.529841Z,ğŸ‘ğŸ»ğŸ‘ğŸ»ğŸ‘ğŸ» boa,2025-07-19T13:23:38.529841Z,4629792,290750399
28790535,2025-07-19T13:56:11.609247Z,ALELUIA,2025-07-19T13:56:11.609247Z,4441412,290802772
28789888,2025-07-19T13:43:29.370905Z,Boa,2025-07-19T13:43:29.370905Z,4629792,290802772
28793906,2025-07-19T14:49:20.407714Z,Afffff queria uma vaguinha nessa aula tb ğŸ˜­,2025-07-19T14:49:20.407714Z,4441412,290870514
28812743,2025-07-19T21:31:08.793729Z,"No limiar, essa aÃ­ com certeza foi a alternativa de mÃ­nimo custo global!! Kkk",2025-07-19T21:31:08.793729Z,4629792,290871775
28812716,2025-07-19T21:30:22.953469Z,40:16 kkkkk,2025-07-19T21:30:22.953469Z,731782,290871775
28794496,2025-07-19T14:58:17.536378Z,Boa Neri,2025-07-19T14:58:17.536378Z,4629792,290871775
28799578,2025-07-19T16:17:09.342960Z,UÃ© tu postou 2x,2025-07-19T16:17:09.342960Z,4441412,290941936
28812683,2025-07-19T21:29:32.891113Z,Boa Liz ğŸ‘ğŸ¾ğŸ‘ğŸ¾ğŸ‘ğŸ¾ğŸ‘ğŸ¾ğŸ‘ğŸ¾,2025-07-19T21:29:32.891113Z,731782,290977505
28812725,2025-07-19T21:30:38.218474Z,#planejamento ğŸ‘ğŸ¾ğŸ‘ğŸ¾ğŸ‘ğŸ¾,2025-07-19T21:30:38.218474Z,731782,290979412
28804625,2025-07-19T17:57:43.842503Z,Como assim 23km kakaka socorro,2025-07-19T17:57:43.842503Z,4441412,291036525
28812055,2025-07-19T21:13:19.446046Z,Boa BrunÃ£o,2025-07-19T21:13:19.446046Z,4629792,291142417
28812648,2025-07-19T21:28:54.297838Z,Ai sim!!! ğŸ‘ğŸ¾,2025-07-19T21:28:54.297838Z,731782,291150251
28812043,2025-07-19T21:12:56.532023Z,Boa Bruna,2025-07-19T21:12:56.532023Z,4629792,291150251
28823129,2025-07-20T12:40:10.001000Z,"Pq nÃ£o descansou ontem, Lui? ğŸ™‚â€â†”ï¸",2025-07-20T12:40:10.001000Z,1644752,291206772
28816235,2025-07-19T23:26:37.371481Z,BORA PÃ“S,2025-07-19T23:26:37.371481Z,4441412,291206772
28815951,2025-07-19T23:14:15.571231Z,Boa Lu,2025-07-19T23:14:15.571231Z,4629792,291206772
28816758,2025-07-19T23:45:01.829165Z,Deus opera atravÃ©s de mim,2025-07-19T23:45:01.829165Z,4640490,291217304
28816745,2025-07-19T23:44:15.189095Z,Estamos vivenciando um milagre aqui,2025-07-19T23:44:15.189095Z,4441412,291217304
28821670,2025-07-20T10:50:24.423107Z,Cuidando da mente e do corpo ğŸ’†ğŸ»â€â™€ï¸,2025-07-20T10:50:24.423107Z,4441412,291290955
28824142,2025-07-20T13:23:43.228005Z,A maioral ğŸƒâ€â™€ï¸â€â¡ï¸,2025-07-20T13:23:43.228005Z,1177597,291292365
28822003,2025-07-20T11:26:44.173940Z,ğŸ‘ğŸ‘ğŸ‘ğŸ‘,2025-07-20T11:26:44.173940Z,4624187,291292365
28821725,2025-07-20T10:59:03.057876Z,BOA,2025-07-20T10:59:03.057876Z,4441412,291293424
28822979,2025-07-20T12:31:37.962360Z,O que uma competiÃ§Ã£o nÃ£o faz hahahaha boaaa,2025-07-20T12:31:37.962360Z,1644752,291301309
28822755,2025-07-20T12:19:04.782450Z,Kkkkkkk,2025-07-20T12:19:04.782450Z,4624187,291301309
28822452,2025-07-20T11:59:16.821875Z,Chocadaaaa,2025-07-20T11:59:16.821875Z,4441412,291301309
28822178,2025-07-20T11:40:48.631364Z,indo contra todas as estatÃ­sticas ğŸ« ğŸ« ğŸ« ,2025-07-20T11:40:48.631364Z,731782,291301309
28822652,2025-07-20T12:13:14.529246Z,Show InÃ¡cio ğŸ‘ğŸ¾ğŸ‘ğŸ¾ğŸ‘ğŸ¾,2025-07-20T12:13:14.529246Z,731782,291307096
28822667,2025-07-20T12:14:07.348118Z,Na chapada e nÃ£o tem foto??? ğŸ‘€,2025-07-20T12:14:07.348118Z,731782,291308555
28830961,2025-07-20T16:19:33.098068Z,#planejamento,2025-07-20T16:19:33.098068Z,731782,291321305
28830914,2025-07-20T16:18:17.785639Z,Se atÃ© o Carlos foiâ€¦. Da pra acreditar que a pÃ³s tÃ¡ no game,2025-07-20T16:18:17.785639Z,731782,291349308
28827052,2025-07-20T14:45:33.873578Z,3 horas???? uma mÃ¡quina,2025-07-20T14:45:33.873578Z,512030,291349308
28830866,2025-07-20T16:17:24.320871Z,"Disciplina nÃ£o, competiÃ§Ã£o kkkkkk",2025-07-20T16:17:24.320871Z,731782,291360018
28826319,2025-07-20T14:27:11.308923Z,Boaaaa,2025-07-20T14:27:11.308923Z,4624187,291384809
28825860,2025-07-20T14:15:31.716368Z,Boaaaaa natiiii,2025-07-20T14:15:31.716368Z,1644752,291384809
28830936,2025-07-20T16:18:47.850353Z,#planejamento,2025-07-20T16:18:47.850353Z,731782,291427059
28831419,2025-07-20T16:32:05.452414Z,Boa Everson,2025-07-20T16:32:05.452414Z,4629792,291488638
28838011,2025-07-20T20:45:09.519118Z,Valeu pela atividade coletiva haha,2025-07-20T20:45:09.519118Z,4629792,291559444
28837873,2025-07-20T20:40:28.460949Z,SÃ³ pode um por dia ğŸ™…ğŸ»â€â™€ï¸,2025-07-20T20:40:28.460949Z,731782,291559444
28837860,2025-07-20T20:39:56.913763Z,ğŸ‘ğŸ¾ğŸ‘ğŸ¾ğŸ‘ğŸ¾ğŸ‘ğŸ¾ğŸ‘ğŸ¾,2025-07-20T20:39:56.913763Z,731782,291560325
28837848,2025-07-20T20:39:45.240412Z,Show ğŸ‘ğŸ¾ğŸ‘ğŸ¾ğŸ‘ğŸ¾ğŸ‘ğŸ¾,2025-07-20T20:39:45.240412Z,731782,291560978
28837842,2025-07-20T20:39:37.137480Z,Planejamento sempre chegando antes ğŸ™ƒğŸ¤£ğŸ‘ğŸ¾,2025-07-20T20:39:37.137480Z,731782,291561464
28837827,2025-07-20T20:39:05.471774Z,AtÃ© o Matheus foi ğŸ™ƒğŸ™ƒğŸ™ƒğŸ™ƒğŸ™ƒğŸ‘ğŸ¾ğŸ‘ğŸ¾ğŸ‘ğŸ¾ğŸ‘ğŸ¾ğŸ‘ğŸ¾,2025-07-20T20:39:05.471774Z,731782,291562103
28837806,2025-07-20T20:38:28.065534Z,ğŸ‘ğŸ¾ğŸ‘ğŸ¾ğŸ‘ğŸ¾ğŸ‘ğŸ¾ğŸ‘ğŸ¾,2025-07-20T20:38:28.065534Z,731782,291566850
28837020,2025-07-20T20:04:41.533396Z,"Boaaa, Lu!",2025-07-20T20:04:41.533396Z,4441412,291566850
28845095,2025-07-21T01:20:28.914982Z,EstÃ¡ sem batimentos?,2025-07-21T01:20:28.914982Z,4629792,291704043
28848939,2025-07-21T10:39:29.801718Z,Oss,2025-07-21T10:39:29.801718Z,4629792,291786729
28848480,2025-07-21T10:19:41.240914Z,Boaaaa!!! ğŸ‘ğŸ¼,2025-07-21T10:19:41.240914Z,4441412,291786729
28887182,2025-07-21T23:05:29.629843Z,O meu cronometro tbm conta se eu estiver paradoâ€¦ğŸ˜’ğŸ¤”ğŸ§,2025-07-21T23:05:29.629843Z,4629792,291927907
28887242,2025-07-21T23:05:58.069652Z,Boa Maciel,2025-07-21T23:05:58.069652Z,4629792,291938318
28884740,2025-07-21T22:46:14.261084Z,Voando!!,2025-07-21T22:46:14.261084Z,1644752,292250084
28883044,2025-07-21T22:31:35.028960Z,Boa Ismar ğŸ‘ğŸ¾ğŸ‘ğŸ¾ğŸ‘ğŸ¾,2025-07-21T22:31:35.028960Z,731782,292250084
28886555,2025-07-21T23:00:46.641933Z,Era sÃ³ nÃ£o ir pÃ´ ğŸ˜­,2025-07-21T23:00:46.641933Z,4441412,292390772
28884654,2025-07-21T22:45:35.146907Z,ğŸ˜‚ğŸ˜‚ğŸ˜‚ por isso hoje foi de levinho,2025-07-21T22:45:35.146907Z,1644752,292390772
28883972,2025-07-21T22:39:44.471483Z,CÃª nÃ£o tava cansada??,2025-07-21T22:39:44.471483Z,4441412,292390772
28883918,2025-07-21T22:39:21.647333Z,Oh no,2025-07-21T22:39:21.647333Z,4441412,292390772
28912996,2025-07-22T08:12:27.009615Z,Kkkkkkk,2025-07-22T08:12:27.009615Z,731782,292629994
28948958,2025-07-22T21:04:18.128330Z,Colocou sÃ³ para tirar a foto,2025-07-22T21:04:18.128330Z,4651194,292972420
28968089,2025-07-22T23:51:24.503550Z,Meu timeee â¤ï¸,2025-07-22T23:51:24.503550Z,4624187,293585291
28967983,2025-07-22T23:50:44.508667Z,Meu timeee â¤ï¸,2025-07-22T23:50:44.508667Z,4624187,293585615
28968119,2025-07-22T23:51:33.882220Z,Meu timeee â¤ï¸,2025-07-22T23:51:33.882220Z,4624187,293589541
28967961,2025-07-22T23:50:36.190733Z,Meu timeee â¤ï¸,2025-07-22T23:50:36.190733Z,4624187,293590236
28964461,2025-07-22T23:25:04.489300Z,Que isso hein!! Brilharam ğŸ«¶ğŸ¼,2025-07-22T23:25:04.489300Z,731782,293590236
28964403,2025-07-22T23:24:44.719752Z,Esse trio ğŸ’ªğŸ»ğŸ’ªğŸ»ğŸ’ªğŸ»,2025-07-22T23:24:44.719752Z,731782,293595466
28962331,2025-07-22T23:09:17.903303Z,Boa Galera,2025-07-22T23:09:17.903303Z,4629792,293595466
28968047,2025-07-22T23:51:06.135656Z,Boa ğŸ‘ğŸ»ğŸ‘ğŸ»,2025-07-22T23:51:06.135656Z,4629792,293595621
28967860,2025-07-22T23:49:41.434367Z,Boa BrunÃ£o,2025-07-22T23:49:41.434367Z,4629792,293617525
28968675,2025-07-22T23:55:45.774009Z,Kkkkkk eles que chamaram vei,2025-07-22T23:55:45.774009Z,3608743,293655912
28967812,2025-07-22T23:49:20.472034Z,Falsoooooosss,2025-07-22T23:49:20.472034Z,1644752,293655912
28967778,2025-07-22T23:49:09.030683Z,Desapega do COI!!!,2025-07-22T23:49:09.030683Z,4441412,293655912
29056968,2025-07-24T02:24:49.692278Z,Essa corda da cada lapeada na pessoa ğŸ˜­ğŸ˜­ğŸ˜­,2025-07-24T02:24:49.692278Z,1177597,293692899
28973252,2025-07-23T00:29:03.914441Z,"Boa, Leo!",2025-07-23T00:29:03.914441Z,4624187,293692899
28971713,2025-07-23T00:18:03.490025Z,Boa,2025-07-23T00:18:03.490025Z,4629792,293730900
28988537,2025-07-23T09:23:11.689746Z,Treinar quando estÃ¡ em viagem de comissionamento devia valer o dobro!!!!ğŸ‘ğŸ¾,2025-07-23T09:23:11.689746Z,731782,293799486
29047803,2025-07-24T00:38:46.536160Z,AlÃ´ produÃ§Ã£o ğŸ‘€,2025-07-24T00:38:46.536160Z,731782,294405202
29044675,2025-07-24T00:13:36.667631Z,kkkkkkkk,2025-07-24T00:13:36.667631Z,512030,294405202
29037488,2025-07-23T23:17:39.505554Z,ğŸ‘€,2025-07-23T23:17:39.505554Z,288715,294405202
29019384,2025-07-23T19:56:00.158816Z,Cheiro de migue,2025-07-23T19:56:00.158816Z,4441412,294405202
29042356,2025-07-23T23:55:58.109027Z,Boaaa,2025-07-23T23:55:58.109027Z,4629792,294523600
29036239,2025-07-23T23:06:52.217120Z,@comissao chega aqui,2025-07-23T23:06:52.217120Z,4441412,294660940
29036205,2025-07-23T23:06:30.823968Z,Suspeito hein,2025-07-23T23:06:30.823968Z,288715,294660940
29036159,2025-07-23T23:06:04.573803Z,UÃ©!!! Hoje Ã© quarta!!!!,2025-07-23T23:06:04.573803Z,4441412,294660940
29056845,2025-07-24T02:22:06.628131Z,Infiltrado nÃ©,2025-07-24T02:22:06.628131Z,1177597,294687139
29056709,2025-07-24T02:19:32.896978Z,Artur infiltrado,2025-07-24T02:19:32.896978Z,1177597,294755037
29047557,2025-07-24T00:36:38.350024Z,Top ğŸ‘ğŸ¾ğŸ‘ğŸ¾ğŸ‘ğŸ¾ ğŸ”,2025-07-24T00:36:38.350024Z,731782,294755037
29047504,2025-07-24T00:36:10.694056Z,Que show!!! ğŸ‘ğŸ¾ğŸ‘ğŸ¾ğŸ‘ğŸ¾,2025-07-24T00:36:10.694056Z,731782,294769418
29056689,2025-07-24T02:19:09.197441Z,E ainda com 19 segundos a mais kkkkk,2025-07-24T02:19:09.197441Z,1177597,294808907
29049838,2025-07-24T00:56:17.629825Z,habemus esperanÃ§a,2025-07-24T00:56:17.629825Z,4441412,294851787
29049823,2025-07-24T00:56:10.607143Z,Ã“IA,2025-07-24T00:56:10.607143Z,4441412,294851787
29109771,2025-07-24T23:44:44.160128Z,AmanhÃ£ Ã© dia de dormir atÃ© mais tarde,2025-07-24T23:44:44.160128Z,731782,295004120
29109558,2025-07-24T23:42:48.772852Z,Show ğŸ‘ğŸ¾ğŸ‘ğŸ¾ğŸ‘ğŸ¾ğŸ‘ğŸ¾,2025-07-24T23:42:48.772852Z,731782,295589996
29105235,2025-07-24T23:03:20.750587Z,Boaaaa meu parceirinho,2025-07-24T23:03:20.750587Z,1644752,295650786
29109485,2025-07-24T23:42:05.997569Z,SÃ³ mais 52 dias kkkkk,2025-07-24T23:42:05.997569Z,731782,295652237
29109710,2025-07-24T23:44:15.677606Z,ğŸ‘€ğŸ‘€ğŸ‘€ğŸ‘€ğŸ‘€,2025-07-24T23:44:15.677606Z,731782,295679763
29109607,2025-07-24T23:43:17.037791Z,Ela nÃ£o para ğŸ‘ğŸ¾ğŸ‘ğŸ¾,2025-07-24T23:43:17.037791Z,731782,295694541
29109430,2025-07-24T23:41:33.181716Z,AlguÃ©m precisa parar esse timeeeee,2025-07-24T23:41:33.181716Z,731782,295699993
29108487,2025-07-24T23:32:39.594299Z,"Quer dizer, mais trÃªssssa",2025-07-24T23:32:39.594299Z,1644752,295699993
29108474,2025-07-24T23:32:30.333341Z,Mais ummmmm,2025-07-24T23:32:30.333341Z,1644752,295699993
29108454,2025-07-24T23:32:16.899284Z,Uhuuuuul,2025-07-24T23:32:16.899284Z,1644752,295700683
29164380,2025-07-25T22:36:42.935205Z,Descanso quando acabar os 60 dias,2025-07-25T22:36:42.935205Z,4629792,295966901
29163792,2025-07-25T22:28:21.717411Z,E o dia de descanso?,2025-07-25T22:28:21.717411Z,731782,295966901
29163755,2025-07-25T22:27:48.284922Z,Duas metas sendo alcanÃ§adas,2025-07-25T22:27:48.284922Z,731782,296000012
29129763,2025-07-25T10:46:04.480489Z,MiguÃ©,2025-07-25T10:46:04.480489Z,4441412,296000012
29172722,2025-07-26T00:26:50.352365Z,Boaaa!!,2025-07-26T00:26:50.352365Z,4441412,296641901
29186958,2025-07-26T13:35:42.859201Z,Me parece suspeito,2025-07-26T13:35:42.859201Z,288715,296676990
29185975,2025-07-26T13:13:35.753891Z,Sei nÃ£o viuâ€¦,2025-07-26T13:13:35.753891Z,4441412,296676990
29185931,2025-07-26T13:12:25.946941Z,Mente e corpo ğŸ’†ğŸ»â€â™€ï¸,2025-07-26T13:12:25.946941Z,4441412,296807150
29218057,2025-07-27T12:05:01.264299Z,Boa Marcelo!!,2025-07-27T12:05:01.264299Z,731782,296852927
29218195,2025-07-27T12:15:47.398784Z,ğŸ¥¹â¤ï¸,2025-07-27T12:15:47.398784Z,1644752,297066791
29218018,2025-07-27T12:02:51.004914Z,Vc tÃ¡ demais Carol!! Cada dia uma modalidade diferente ğŸ©·,2025-07-27T12:02:51.004914Z,731782,297066791
29218014,2025-07-27T12:02:23.331688Z,Bella estÃ¡ complicado seus mÃ©todos de identificaÃ§Ã£o de treinoâ€¦,2025-07-27T12:02:23.331688Z,731782,297073564
29204043,2025-07-26T19:14:59.827669Z,Que balanÃ§o filho? Aqui nÃ£o tem vento nÃ£o kkkk,2025-07-26T19:14:59.827669Z,4624187,297073564
29200201,2025-07-26T17:31:22.961264Z,A Ã¡rvore se balanÃ§ou por 44 minutos e vc conta isso como exercÃ­cio Bella?? Sei nÃ£o hein,2025-07-26T17:31:22.961264Z,4629792,297073564
29217991,2025-07-27T12:00:33.231617Z,ğŸ™…ğŸ»â€â™€ï¸ğŸ™…ğŸ»â€â™€ï¸ğŸ™…ğŸ»â€â™€ï¸,2025-07-27T12:00:33.231617Z,731782,297159287
29218042,2025-07-27T12:04:16.591833Z,40:39 - certeza que treina esperando dar os 40 minutos,2025-07-27T12:04:16.591833Z,731782,297232771
29218159,2025-07-27T12:13:41.851455Z,TÃ¡ na hora da reaÃ§Ã£o kkk,2025-07-27T12:13:41.851455Z,4699665,297268198
29217987,2025-07-27T12:00:10.742545Z,Olha quem foi ğŸ‘ğŸ¾ğŸ‘ğŸ¾ğŸ‘ğŸ¾,2025-07-27T12:00:10.742545Z,731782,297268198
29235839,2025-07-27T22:00:08.990433Z,Arrasaram ğŸ‘ğŸ¾ğŸ‘ğŸ¾,2025-07-27T22:00:08.990433Z,731782,297388804
29235792,2025-07-27T21:58:10.083220Z,Melhor pÃ³s treino  ğŸŒ´ ğŸ¥¥,2025-07-27T21:58:10.083220Z,731782,297400900
29235766,2025-07-27T21:57:11.714660Z,Sob esse ranking ğŸ™ğŸ»ğŸ‘ğŸ¾ğŸ‘ğŸ¾ğŸ‘ğŸ¾ğŸ‘ğŸ¾,2025-07-27T21:57:11.714660Z,731782,297401178
29235846,2025-07-27T22:00:24.520326Z,TopğŸ‘ğŸ¾ğŸ‘ğŸ¾ğŸ‘ğŸ¾,2025-07-27T22:00:24.520326Z,731782,297441852
29235832,2025-07-27T21:59:56.296293Z,#gymgirls,2025-07-27T21:59:56.296293Z,731782,297443643
29235750,2025-07-27T21:56:38.872502Z,#gymgirls,2025-07-27T21:56:38.872502Z,731782,297447724
29230597,2025-07-27T18:05:41.139743Z,Deu pra suar um pouco nÃ© kkkk,2025-07-27T18:05:41.139743Z,4629792,297447724
29235736,2025-07-27T21:56:04.648629Z,#gymgirls,2025-07-27T21:56:04.648629Z,731782,297521098
29235819,2025-07-27T21:59:17.880954Z,Quando tem que ter descanso da musculaÃ§Ã£o mas vocÃª tÃ¡ no GymRats ğŸ™ƒ,2025-07-27T21:59:17.880954Z,731782,297639407
29235723,2025-07-27T21:55:40.658639Z,Precisava ter ido nÃ£o,2025-07-27T21:55:40.658639Z,4441412,297692227
29235701,2025-07-27T21:54:53.736716Z,Aos 45 do segundo tempo,2025-07-27T21:54:53.736716Z,4629792,297692227
29239669,2025-07-28T00:29:23.992375Z,Meu Deus 2hrs correndo,2025-07-28T00:29:23.992375Z,4441412,297745541
29295813,2025-07-29T01:06:08.324307Z,Finalmente livra da ufbaâ€¦. Momentos de glÃ³ria,2025-07-29T01:06:08.324307Z,1177597,298352193
29310604,2025-07-29T11:31:09.455604Z,Aeeeee,2025-07-29T11:31:09.455604Z,731782,298606754
29310480,2025-07-29T11:28:54.790395Z,"vocÃª tÃ¡ bem pow, precisa contar nÃ£o, da atÃ© pra descansar amanhÃ£",2025-07-29T11:28:54.790395Z,512030,298877937
29363736,2025-07-30T00:40:56.006269Z,A maioral ğŸ¥°,2025-07-30T00:40:56.006269Z,1644752,299610002
29360990,2025-07-30T00:20:36.551380Z,Motivado!!!!!,2025-07-30T00:20:36.551380Z,1177597,299672517
29413111,2025-07-30T21:41:58.189628Z,"Boa, jogador ğŸ¥³",2025-07-30T21:41:58.189628Z,1644752,299735496
29370824,2025-07-30T01:51:05.309446Z,Gol vale dobrado a pontuaÃ§Ã£o,2025-07-30T01:51:05.309446Z,1177597,299735496
29399996,2025-07-30T17:57:26.816553Z,Kkkk,2025-07-30T17:57:26.816553Z,4624187,299791600
29378022,2025-07-30T10:12:43.475012Z,importante tirar um dia para descansar nas fÃ©rias,2025-07-30T10:12:43.475012Z,512030,299791600
29377397,2025-07-30T09:55:06.504888Z,Boaaa,2025-07-30T09:55:06.504888Z,4629792,299880910
29377988,2025-07-30T10:11:59.851514Z,isso aÃ­ ğŸ‘ğŸ½ğŸ‘ğŸ½ğŸ‘ğŸ½ğŸ‘ğŸ½,2025-07-30T10:11:59.851514Z,512030,299909398
29452473,2025-07-31T12:20:13.046507Z,vem ai healthy life,2025-07-31T12:20:13.046507Z,698095,300608279
29451494,2025-07-31T12:00:36.907712Z,Vem aÃ­ a era fitness,2025-07-31T12:00:36.907712Z,1177597,300608279
29425546,2025-07-30T23:36:25.959835Z,Boraaaaaaa,2025-07-30T23:36:25.959835Z,1644752,300608279
29451439,2025-07-31T11:59:53.781261Z,Ã‰ a lÃ­der mesmo neeee,2025-07-31T11:59:53.781261Z,1177597,300611442
29451427,2025-07-31T11:59:42.581255Z,Meus dyvos,2025-07-31T11:59:42.581255Z,1177597,300613540
29451458,2025-07-31T12:00:06.970795Z,Que time!,2025-07-31T12:00:06.970795Z,1177597,300752028
29445669,2025-07-31T09:35:07.554967Z,Ai simâ€¦,2025-07-31T09:35:07.554967Z,4638912,300865052
29488611,2025-07-31T23:25:04.343397Z,Boa CirÃ£o,2025-07-31T23:25:04.343397Z,4630016,301508587
29492752,2025-08-01T00:02:40.785747Z,Divaaaaa,2025-08-01T00:02:40.785747Z,1644752,301539511
29526417,2025-08-01T16:20:51.602810Z,Os maiorais,2025-08-01T16:20:51.602810Z,1177597,301548425
29492731,2025-08-01T00:02:29.600718Z,NDDI NO TOPOOOOOO,2025-08-01T00:02:29.600718Z,1644752,301548425
29526424,2025-08-01T16:21:07.330670Z,Ã‰ a lÃ­der!,2025-08-01T16:21:07.330670Z,1177597,301576391
29508347,2025-08-01T09:38:01.916991Z,Ai sim ğŸ‘ğŸ¾,2025-08-01T09:38:01.916991Z,731782,301579047
29499978,2025-08-01T01:13:45.827397Z,Se teve gol vale mais 2,2025-08-01T01:13:45.827397Z,4629792,301587874
29526401,2025-08-01T16:20:36.133002Z,Que grupoooo,2025-08-01T16:20:36.133002Z,1177597,301626269
29548517,2025-08-01T23:00:35.867531Z,Quero saber tbm ğŸ¤—,2025-08-01T23:00:35.867531Z,1644752,301786023
29538346,2025-08-01T20:48:51.080903Z,tbm tÃ´ querendo saber kkkk,2025-08-01T20:48:51.080903Z,512030,301786023
29509014,2025-08-01T10:00:54.449308Z,Kkkkk certeza,2025-08-01T10:00:54.449308Z,4629792,301795539
29508871,2025-08-01T09:56:23.399298Z,Tem ctza que nÃ£o foi costas?,2025-08-01T09:56:23.399298Z,4441412,301795539
29552723,2025-08-01T23:50:28.923667Z,Que time,2025-08-01T23:50:28.923667Z,4624187,302372818
29552703,2025-08-01T23:50:12.500638Z,Intensivo o treino dele hein,2025-08-01T23:50:12.500638Z,4624187,302375694
29552743,2025-08-01T23:50:40.055044Z,Mais 3 pontos*****,2025-08-01T23:50:40.055044Z,4624187,302386280
29565176,2025-08-02T09:39:42.450001Z,Top Ciro ğŸ‘ğŸ¾ğŸ‘ğŸ¾ğŸ‘ğŸ¾,2025-08-02T09:39:42.450001Z,731782,302398541
29565173,2025-08-02T09:39:25.971408Z,Eles nÃ£o param ğŸ‘ğŸ¾ğŸ‘ğŸ¾,2025-08-02T09:39:25.971408Z,731782,302490390
29560290,2025-08-02T01:38:43.004848Z,Boaaaa,2025-08-02T01:38:43.004848Z,4624187,302510489
29603603,2025-08-03T11:16:51.840515Z,Atleta demais,2025-08-03T11:16:51.840515Z,4629792,302618393
29603593,2025-08-03T11:15:56.559444Z,#auditoria,2025-08-03T11:15:56.559444Z,4629792,302635105
29599746,2025-08-03T00:40:54.816626Z,"O tempo que vocÃªs tÃ£o aqui falando da minha caminhada, jÃ¡ tinham feito a atv de vocÃªs kkk",2025-08-03T00:40:54.816626Z,4624187,302635105
29599460,2025-08-03T00:29:14.746402Z,Suspeito,2025-08-03T00:29:14.746402Z,288715,302635105
29575407,2025-08-02T14:45:13.003147Z,kkkkkk pegou pesado rane,2025-08-02T14:45:13.003147Z,512030,302635105
29568062,2025-08-02T12:23:08.599541Z,Todo dia esse miguÃ©,2025-08-02T12:23:08.599541Z,4441412,302635105
29599727,2025-08-03T00:40:11.402344Z,"Sem falhar, campeÃ£o!!!",2025-08-03T00:40:11.402344Z,4624187,302779043
29588839,2025-08-02T19:05:37.038261Z,Pra que isso?,2025-08-02T19:05:37.038261Z,1644752,302779043
29588836,2025-08-02T19:05:31.343444Z,"Pq nÃ£o descansou, du? ğŸ§",2025-08-02T19:05:31.343444Z,1644752,302779043
29576293,2025-08-02T14:58:01.824505Z,ğŸ¥¹ğŸ¥¹ğŸ¥¹,2025-08-02T14:58:01.824505Z,1644752,302802764
29599718,2025-08-03T00:39:56.180628Z,Boa campeaaa,2025-08-03T00:39:56.180628Z,4624187,302994316
29599710,2025-08-03T00:39:32.081266Z,Olha elaaaa,2025-08-03T00:39:32.081266Z,4624187,303011263
29599706,2025-08-03T00:39:17.236528Z,Coletivo kkkk,2025-08-03T00:39:17.236528Z,4624187,303069390
29616547,2025-08-03T17:44:03.856750Z,Olha eleeee,2025-08-03T17:44:03.856750Z,4624187,303180704
29603643,2025-08-03T11:19:55.383186Z,Pode faltarâ€¦ eu tenho fÃ©rias pela frente ğŸ˜®â€ğŸ’¨,2025-08-03T11:19:55.383186Z,731782,303219065
29603627,2025-08-03T11:18:46.871616Z,Jogou a responsa pro adversÃ¡rio ğŸ‘€â€¦vou ter que ir treinar,2025-08-03T11:18:46.871616Z,4629792,303219065
29604969,2025-08-03T12:38:01.327237Z,ğŸ’ƒğŸ»ğŸ’ƒğŸ»ğŸ’ƒğŸ»,2025-08-03T12:38:01.327237Z,731782,303240991
29604973,2025-08-03T12:38:09.653077Z,ğŸ’ƒğŸ»ğŸ’ƒğŸ»ğŸ’ƒğŸ»,2025-08-03T12:38:09.653077Z,731782,303241625
29604962,2025-08-03T12:37:54.036726Z,ğŸ’ƒğŸ»ğŸ’ƒğŸ»ğŸ’ƒğŸ»,2025-08-03T12:37:54.036726Z,731782,303242554
29611877,2025-08-03T15:39:23.557588Z,ğŸ™…ğŸ™…ğŸ™…,2025-08-03T15:39:23.557588Z,4629792,303374819
29611842,2025-08-03T15:38:38.776447Z,Affffff,2025-08-03T15:38:38.776447Z,731782,303374819
29626531,2025-08-04T00:10:35.106931Z,JÃ¡ tava achando que vc nÃ£o ia hoje,2025-08-04T00:10:35.106931Z,731782,303589800
29683409,2025-08-05T00:05:02.841366Z,Top!! Hoje chegou mais cedo que eu  ğŸ’ªğŸ»ğŸ’ªğŸ»ğŸ’ªğŸ»,2025-08-05T00:05:02.841366Z,731782,303680757
29630501,2025-08-04T09:14:02.283773Z,ComeÃ§ando as atividades!,2025-08-04T09:14:02.283773Z,4638912,303680757
29693056,2025-08-05T01:12:35.104844Z,Kd a evidÃªncia,2025-08-05T01:12:35.104844Z,4624187,303704564
29683770,2025-08-05T00:07:30.392239Z,Kkkkk,2025-08-05T00:07:30.392239Z,4629792,303704564
29683324,2025-08-05T00:04:22.871184Z,Do nada uma mensagem filosÃ³fica ğŸ§,2025-08-05T00:04:22.871184Z,731782,303704564
29683243,2025-08-05T00:03:47.305809Z,Thay e Rane tentando fazer a pÃ³s sÃ³ perder mas sem sem ser de lavada  ğŸ˜®â€ğŸ’¨,2025-08-05T00:03:47.305809Z,731782,303717197
29790817,2025-08-06T11:45:38.900959Z,Vamo timeee,2025-08-06T11:45:38.900959Z,1177597,304374719
29692908,2025-08-05T01:11:24.768137Z,Bora meu timeee â¤ï¸,2025-08-05T01:11:24.768137Z,4624187,304374719
29683054,2025-08-05T00:02:17.813862Z,Eles nÃ£o param ğŸ‘ğŸ¾ğŸ‘ğŸ¾ğŸ‘ğŸ¾,2025-08-05T00:02:17.813862Z,731782,304374719
29790828,2025-08-06T11:45:47.972429Z,O lÃ­der!!!!,2025-08-06T11:45:47.972429Z,1177597,304419434
29692944,2025-08-05T01:11:47.697698Z,ğŸ‘ğŸ‘ğŸ‘ğŸ‘,2025-08-05T01:11:47.697698Z,4624187,304419434
29683499,2025-08-05T00:05:37.947017Z,#planejamento,2025-08-05T00:05:37.947017Z,731782,304489348
29790764,2025-08-06T11:44:52.926517Z,Kkkkkk arrasou!,2025-08-06T11:44:52.926517Z,1177597,304529449
29774756,2025-08-06T01:25:24.016462Z,Acho que sÃ³ tava precisando de um empurraozinho heheheh,2025-08-06T01:25:24.016462Z,4640490,304529449
29683638,2025-08-05T00:06:39.246840Z,"Vitorâ€¦ saÃºde, competiÃ§Ã£o ou pressÃ£o no grupo de NDDI?",2025-08-05T00:06:39.246840Z,731782,304529449
29683006,2025-08-05T00:01:56.209275Z,#agora vai,2025-08-05T00:01:56.209275Z,731782,304534501
29681779,2025-08-04T23:53:49.220128Z,Boa!!! Estava sentindo falta da senhorita aqui,2025-08-04T23:53:49.220128Z,4441412,304534501
29685622,2025-08-05T00:19:23.473992Z,Cada dia um esporte diferente,2025-08-05T00:19:23.473992Z,731782,304561082
29703484,2025-08-05T09:12:38.121919Z,A esteira desligada vei?,2025-08-05T09:12:38.121919Z,4629792,304718187
29704789,2025-08-05T09:55:08.916767Z,sÃ³ faltam 40 kkkkk,2025-08-05T09:55:08.916767Z,512030,304818783
29705814,2025-08-05T10:18:32.078539Z,Boa Duque ğŸ‘ğŸ¾,2025-08-05T10:18:32.078539Z,731782,304832119
29708438,2025-08-05T11:07:07.225981Z,E os pratos Thay?? ğŸ˜Ÿ,2025-08-05T11:07:07.225981Z,4441412,304915010
29790696,2025-08-06T11:43:49.193899Z,Nunca erram!,2025-08-06T11:43:49.193899Z,1177597,305560898
29769618,2025-08-06T00:44:02.606756Z,Boa timeee,2025-08-06T00:44:02.606756Z,4624187,305560898
29791198,2025-08-06T11:52:38.179476Z,Estamos arrasando!!ğŸ¥°ğŸ¥°,2025-08-06T11:52:38.179476Z,4626632,305604382
29782675,2025-08-06T08:06:59.251222Z,Segue o lÃ­der ğŸ‘ğŸ¾,2025-08-06T08:06:59.251222Z,731782,305604382
29777484,2025-08-06T01:55:34.192232Z,Divos perfeitos sem defeitos,2025-08-06T01:55:34.192232Z,1177597,305604382
29757827,2025-08-05T23:25:36.148333Z,Virou bagunÃ§a,2025-08-05T23:25:36.148333Z,4629792,305604382
29790671,2025-08-06T11:43:25.834520Z,InspiraÃ§Ã£o nÃ©,2025-08-06T11:43:25.834520Z,1177597,305644618
29792278,2025-08-06T12:09:47.325857Z,Arrasooooou,2025-08-06T12:09:47.325857Z,1644752,305671048
29790874,2025-08-06T11:46:48.024154Z,Kkkkk,2025-08-06T11:46:48.024154Z,4626581,305671048
29790638,2025-08-06T11:42:51.581539Z,Que equipeeee,2025-08-06T11:42:51.581539Z,1177597,305671048
29787560,2025-08-06T10:53:14.314299Z,TÃ´ acompanhando as tentativas frustradas de engabelar kkk,2025-08-06T10:53:14.314299Z,4629792,305671048
29787025,2025-08-06T10:42:43.031621Z,hahahahahaha,2025-08-06T10:42:43.031621Z,698095,305671048
29786945,2025-08-06T10:41:20.166445Z,Ta acompanhando mesmo ne? Kkk se precisar de dicas me fala ğŸ‘€ğŸ˜‚,2025-08-06T10:41:20.166445Z,4626581,305671048
29763035,2025-08-06T00:00:22.323170Z,Editou de novo? Kk,2025-08-06T00:00:22.323170Z,4629792,305671048
29790745,2025-08-06T11:44:37.704301Z,Dream team mesmooo,2025-08-06T11:44:37.704301Z,1177597,305677377
29760351,2025-08-05T23:42:56.893795Z,Corrigiu nÃ© kkk,2025-08-05T23:42:56.893795Z,4629792,305677377
29790590,2025-08-06T11:42:09.328085Z,Ela tÃ¡ muito engajada mesmo,2025-08-06T11:42:09.328085Z,1177597,305794016
29769558,2025-08-06T00:43:33.046782Z,Boraaaa ğŸ‘ğŸ‘ğŸ‘,2025-08-06T00:43:33.046782Z,4624187,305794016
29790540,2025-08-06T11:41:29.323568Z,Ã‰ a lÃ­der mesmo,2025-08-06T11:41:29.323568Z,1177597,305802821
29769986,2025-08-06T00:46:42.870185Z,"Ta ficando suspeito viu, vamos ter que auditar Bella",2025-08-06T00:46:42.870185Z,4629792,305802821
29790611,2025-08-06T11:42:27.683286Z,Olha sÃ³ooooo nosso muso!,2025-08-06T11:42:27.683286Z,1177597,305855487
29787412,2025-08-06T10:50:16.266678Z,inspiraÃ§Ã£o!,2025-08-06T10:50:16.266678Z,698095,305855487
29854551,2025-08-07T01:44:55.670464Z,Importante,2025-08-07T01:44:55.670464Z,4629792,305990456
29849625,2025-08-07T00:58:14.582551Z,Kkkkk tÃ¡ indo na academia sÃ³ pra ver a frase motivacional,2025-08-07T00:58:14.582551Z,4624187,305990456
29849522,2025-08-07T00:57:30.050356Z,CampeÃ£,2025-08-07T00:57:30.050356Z,4624187,306010860
29792960,2025-08-06T12:20:46.995549Z,de manhÃ£ pra nÃ£o dar espaÃ§o pra preguiÃ§a!,2025-08-06T12:20:46.995549Z,698095,306010860
29790506,2025-08-06T11:41:01.845591Z,Sem falhar!!!,2025-08-06T11:41:01.845591Z,1177597,306010860
29993259,2025-08-09T11:39:59.847310Z,kkkkk acho postou duas vezes,2025-08-09T11:39:59.847310Z,512030,306354776
29849679,2025-08-07T00:58:40.989162Z,Oxe que fake Ã© esse,2025-08-07T00:58:40.989162Z,4624187,306354776
29849418,2025-08-07T00:56:46.234786Z,De fÃ©rias devia ser dobrado!!!,2025-08-07T00:56:46.234786Z,4624187,306413529
29849359,2025-08-07T00:56:16.187006Z,Essa vai pro perfil do WhatsApp,2025-08-07T00:56:16.187006Z,4624187,306674673
29849323,2025-08-07T00:56:02.188613Z,Tooop,2025-08-07T00:56:02.188613Z,4624187,306769519
29849437,2025-08-07T00:56:55.031699Z,perdi o horÃ¡rio da aula kkkkk,2025-08-07T00:56:55.031699Z,3432244,306842867
29849402,2025-08-07T00:56:35.324125Z,Kd a bike??,2025-08-07T00:56:35.324125Z,4624187,306842867
29879937,2025-08-07T15:30:52.873807Z,"Mal feito, simâ€¦ Sem fazer nuncaâ€¦ ğŸ‘ğŸ¾ğŸ‘ğŸ¾ğŸ‘ğŸ¾ğŸ‘ğŸ¾",2025-08-07T15:30:52.873807Z,900220,307063831
29861888,2025-08-07T09:30:01.749296Z,"Figurinha carimbada das madrugas! ParabÃ©nsâ€¦, ğŸ‘ŠğŸ‘ŠğŸ‘Š",2025-08-07T09:30:01.749296Z,4638912,307063831
29903772,2025-08-07T22:20:59.727389Z,sem descanso ğŸ’ªğŸ½,2025-08-07T22:20:59.727389Z,698095,307414941
29903716,2025-08-07T22:20:25.710406Z,e Ã© isso,2025-08-07T22:20:25.710406Z,698095,307693387
29903458,2025-08-07T22:18:12.610265Z,O maioral,2025-08-07T22:18:12.610265Z,1644752,307693387
29917861,2025-08-08T00:19:18.141992Z,Muito bemmmmmmm,2025-08-08T00:19:18.141992Z,1644752,307837415
29921411,2025-08-08T00:49:31.166179Z,Desencantou hein ğŸ‘ğŸ»ğŸ‘ğŸ»ğŸ‘ğŸ»,2025-08-08T00:49:31.166179Z,4629792,307856749
29921374,2025-08-08T00:49:12.508728Z,Boa BrunÃ£o,2025-08-08T00:49:12.508728Z,4629792,307885662
29971176,2025-08-08T22:13:16.612637Z,A gente precisa de uma prova cabal,2025-08-08T22:13:16.612637Z,4629792,307897981
29971148,2025-08-08T22:12:52.237264Z,Realmente alguÃ©m tÃ¡ acreditando nesses treinos de Bella?,2025-08-08T22:12:52.237264Z,731782,307897981
29971129,2025-08-08T22:12:38.174871Z,Ela sobe a escada e fica ofeganteâ€¦,2025-08-08T22:12:38.174871Z,731782,307897981
29933313,2025-08-08T08:38:35.965254Z,kkkkkkkkkk,2025-08-08T08:38:35.965254Z,512030,307897981
29921320,2025-08-08T00:48:51.916316Z,Isabellaâ€¦vai ter que comeÃ§ar a ir em treinos coletivos pra gente auditar,2025-08-08T00:48:51.916316Z,4629792,307897981
29917786,2025-08-08T00:18:38.409051Z,AÃ­ sim!!!!,2025-08-08T00:18:38.409051Z,1644752,307903245
29971084,2025-08-08T22:12:10.333790Z,Eu apoio e dobro ğŸ™ƒ,2025-08-08T22:12:10.333790Z,731782,307903284
29933308,2025-08-08T08:38:21.611275Z,"Merecia atÃ© mais, mas regra Ã© regra kkkk",2025-08-08T08:38:21.611275Z,512030,307903284
29933026,2025-08-08T07:48:02.880760Z,Boaaa Gabi,2025-08-08T07:48:02.880760Z,4441412,307903284
29921213,2025-08-08T00:48:02.273640Z,Merece,2025-08-08T00:48:02.273640Z,4629792,307903284
29917806,2025-08-08T00:18:50.350823Z,100000 pontoooosss,2025-08-08T00:18:50.350823Z,1644752,307903284
29971040,2025-08-08T22:11:35.882753Z,Vou criar o grupo do #timedas5 kkkk,2025-08-08T22:11:35.882753Z,731782,308092635
29933509,2025-08-08T08:59:36.872160Z,Iniciando as atividades! Hahahahaha,2025-08-08T08:59:36.872160Z,4638912,308092635
29971001,2025-08-08T22:11:11.747388Z,SÃ³ vamos ğŸ‘ğŸ¾ğŸ‘ğŸ¾ğŸ‘ğŸ¾,2025-08-08T22:11:11.747388Z,731782,308095892
29981903,2025-08-09T00:23:02.919212Z,Vamossssss,2025-08-09T00:23:02.919212Z,4624187,308363047
29970921,2025-08-08T22:10:09.873659Z,Siga  firme Jani ğŸ‘ğŸ¾ğŸ‘ğŸ¾ğŸ‘ğŸ¾,2025-08-08T22:10:09.873659Z,731782,308363047
29981870,2025-08-09T00:22:21.138063Z,Booaaaa,2025-08-09T00:22:21.138063Z,4624187,308778959
29982189,2025-08-09T00:26:38.075832Z,ğŸ˜‚ğŸ˜‚ğŸ˜‚,2025-08-09T00:26:38.075832Z,1644752,308806657
29981887,2025-08-09T00:22:35.382276Z,"Fofoquinhas, fofoquinhas e fofoquinhas",2025-08-09T00:22:35.382276Z,4624187,308806657
29982195,2025-08-09T00:26:44.863713Z,Hihihihihi,2025-08-09T00:26:44.863713Z,1644752,308807283
29981896,2025-08-09T00:22:46.726054Z,SÃ³ vejo fofoquinhas,2025-08-09T00:22:46.726054Z,4624187,308807283
29981856,2025-08-09T00:22:09.796636Z,Fofoquinhas e fofoquinhas,2025-08-09T00:22:09.796636Z,4624187,308810680
29982073,2025-08-09T00:25:06.511148Z,Complicadoâ€¦ todo dia o mesmo print kkk,2025-08-09T00:25:06.511148Z,4629792,308839715
29992707,2025-08-09T11:14:43.850120Z,Qnd o dev decide socializar,2025-08-09T11:14:43.850120Z,4441412,308861261
29984444,2025-08-09T00:58:42.643706Z,Artilheiro,2025-08-09T00:58:42.643706Z,4624187,308861261
30019115,2025-08-09T20:44:04.121709Z,23:33? ğŸ˜®â€ğŸ’¨,2025-08-09T20:44:04.121709Z,731782,308987011
30019059,2025-08-09T20:42:59.736824Z,Pra cima Maciel ğŸ‘ğŸ¾ğŸ‘ğŸ¾ğŸ‘ğŸ¾ğŸ‘ğŸ¾,2025-08-09T20:42:59.736824Z,731782,308987864
29994148,2025-08-09T12:11:08.473093Z,??????????,2025-08-09T12:11:08.473093Z,288715,309000540
29993794,2025-08-09T12:00:12.909390Z,Marcha atlÃ©tica??? KKKKK,2025-08-09T12:00:12.909390Z,4441412,309000540
30019016,2025-08-09T20:41:51.012374Z,#bellacompraumrelogio,2025-08-09T20:41:51.012374Z,731782,309005348
30010032,2025-08-09T16:57:58.152637Z,Meus fÃ£s,2025-08-09T16:57:58.152637Z,4624187,309005348
29994263,2025-08-09T12:14:39.109242Z,Suspeitoâ€¦.. vai ter que fazer um elÃ­ptico no prÃ³ximo,2025-08-09T12:14:39.109242Z,288715,309005348
29993421,2025-08-09T11:46:59.113328Z,Mais um print de tela de celularâ€¦,2025-08-09T11:46:59.113328Z,4441412,309005348
30019088,2025-08-09T20:43:35.088006Z,Arthur minimizando a humilhaÃ§Ã£o da pÃ³s ğŸ™ƒ,2025-08-09T20:43:35.088006Z,731782,309008016
29994610,2025-08-09T12:23:49.580782Z,um monstro ,2025-08-09T12:23:49.580782Z,4626331,309008016
30019042,2025-08-09T20:42:30.549908Z,+6,2025-08-09T20:42:30.549908Z,731782,309009738
30009732,2025-08-09T16:51:23.993647Z,Olha elass,2025-08-09T16:51:23.993647Z,4624187,309009738
30019030,2025-08-09T20:42:10.728982Z,+6,2025-08-09T20:42:10.728982Z,731782,309009900
30009694,2025-08-09T16:50:37.137363Z,MisericÃ³rdia mkkk,2025-08-09T16:50:37.137363Z,4624187,309009900
30019036,2025-08-09T20:42:21.147797Z,+6,2025-08-09T20:42:21.147797Z,731782,309012042
30009702,2025-08-09T16:50:46.414988Z,ğŸ’šğŸ’š,2025-08-09T16:50:46.414988Z,4624187,309012042
30018988,2025-08-09T20:40:59.943920Z,+6,2025-08-09T20:40:59.943920Z,731782,309013596
30010870,2025-08-09T17:15:53.176070Z,que absurdo (sim,2025-08-09T17:15:53.176070Z,698095,309013596
30009685,2025-08-09T16:50:24.492885Z,Malhando a lÃ­ngua 2.0 kkkkk,2025-08-09T16:50:24.492885Z,4624187,309013596
30009712,2025-08-09T16:50:58.100230Z,"Coletivo heinnn, boa Romeuuu",2025-08-09T16:50:58.100230Z,4624187,309048311
30018949,2025-08-09T20:40:00.774367Z,ğŸ‘ğŸ¾ğŸ‘ğŸ¾ğŸ‘ğŸ¾ğŸ‘ğŸ¾ğŸ‘ğŸ¾,2025-08-09T20:40:00.774367Z,731782,309149809
30018959,2025-08-09T20:40:15.405035Z,ğŸ‘€,2025-08-09T20:40:15.405035Z,731782,309230001
30044149,2025-08-10T18:46:12.889064Z,Esse Ã© coletivo!!!,2025-08-10T18:46:12.889064Z,4624187,309278412
30018936,2025-08-09T20:39:43.284642Z,ğŸ‘ğŸ¾ğŸ‘ğŸ¾ğŸ‘ğŸ¾ğŸ‘ğŸ¾ğŸ‘ğŸ¾ğŸ‘ğŸ¾,2025-08-09T20:39:43.284642Z,731782,309278412
30019497,2025-08-09T20:54:50.741860Z,ğŸ‘€,2025-08-09T20:54:50.741860Z,4629792,309428803
30044137,2025-08-10T18:45:53.302983Z,Coletivo!?!?!,2025-08-10T18:45:53.302983Z,4624187,309455951
30051993,2025-08-11T00:01:40.579229Z,Boa!!,2025-08-11T00:01:40.579229Z,4624187,309634182
30032372,2025-08-10T12:35:10.851134Z,Lindas!,2025-08-10T12:35:10.851134Z,1644752,309634658
30050771,2025-08-10T23:15:14.965228Z,Boaaa,2025-08-10T23:15:14.965228Z,4624187,309927529
30060071,2025-08-11T11:37:57.862510Z,ğŸ‘€ sei nÃ£o heim,2025-08-11T11:37:57.862510Z,288715,309931938
30060055,2025-08-11T11:37:32.136682Z,Nao acredito que vc foi kkkkk,2025-08-11T11:37:32.136682Z,288715,309932111
30051194,2025-08-10T23:33:17.674200Z,"Hmm, ta comeÃ§ando a melhorarâ€¦",2025-08-10T23:33:17.674200Z,4441412,309932111
30058768,2025-08-11T11:01:32.069221Z,Acabaaaa pelo amor de deuuuuussss,2025-08-11T11:01:32.069221Z,1644752,310069709
30191240,2025-08-13T00:29:18.020582Z,Combinando a meia e a legging ğŸ¤©,2025-08-13T00:29:18.020582Z,1177597,310196068
30191170,2025-08-13T00:28:42.452391Z,"Uma mulher, uma lenda, uma mÃ¡quina",2025-08-13T00:28:42.452391Z,1177597,310839546
30120851,2025-08-12T01:49:17.948084Z,6 segundos de choro nÃ©?,2025-08-12T01:49:17.948084Z,4629792,310839546
30207082,2025-08-13T09:13:18.244657Z,E o 2/2?,2025-08-13T09:13:18.244657Z,731782,311152208
30207074,2025-08-13T09:13:04.774806Z,Pode descansar,2025-08-13T09:13:04.774806Z,731782,311170799
30181080,2025-08-12T23:22:03.478011Z,Kkkk,2025-08-12T23:22:03.478011Z,4629792,311170799
30180933,2025-08-12T23:21:13.661206Z,"Por favor, falhe!!!!!",2025-08-12T23:21:13.661206Z,1644752,311170799
30191138,2025-08-13T00:28:24.295721Z,Pace da fofoca ai,2025-08-13T00:28:24.295721Z,1177597,311290257
30207064,2025-08-13T09:12:17.985070Z,Boa Jani,2025-08-13T09:12:17.985070Z,731782,311458288
30191071,2025-08-13T00:28:00.626333Z,HorÃ¡rio de herdeira!!!,2025-08-13T00:28:00.626333Z,1177597,311458288
30190716,2025-08-13T00:25:43.900583Z,Nem de fÃ©rias ela perdoa,2025-08-13T00:25:43.900583Z,4624187,311458288
30145964,2025-08-12T15:27:24.267479Z,Focadissimaaaa,2025-08-12T15:27:24.267479Z,1644752,311458288
30207070,2025-08-13T09:12:43.019785Z,Bora reagir LÃ©o,2025-08-13T09:12:43.019785Z,731782,311543273
30190671,2025-08-13T00:25:27.962399Z,Boa Leoo,2025-08-13T00:25:27.962399Z,4624187,311543273
30180885,2025-08-12T23:20:54.172898Z,"A foto bem conceitual, LÃ©o ğŸ˜¬ğŸ‘ğŸ»",2025-08-12T23:20:54.172898Z,1644752,311543273
30207055,2025-08-13T09:12:00.663991Z,#planejamento,2025-08-13T09:12:00.663991Z,731782,311823558
30191192,2025-08-13T00:28:53.676772Z,"Boa, Cris!!",2025-08-13T00:28:53.676772Z,4624187,311823558
30190992,2025-08-13T00:27:30.815864Z,Aqui Ã© barril viu!!!!,2025-08-13T00:27:30.815864Z,1177597,311823558
30207041,2025-08-13T09:11:31.091883Z,Ainda bem que nÃ£o vale ponto extra com outra gerÃªncia,2025-08-13T09:11:31.091883Z,731782,311908840
30190836,2025-08-13T00:26:30.819733Z,Iago enrolando mais que tudo,2025-08-13T00:26:30.819733Z,1177597,311908840
30190824,2025-08-13T00:26:24.216828Z,"Que isso hein, tÃ¡ de carro novo e tÃ¡ tirando onda",2025-08-13T00:26:24.216828Z,4624187,311908840
30181055,2025-08-12T23:21:54.594760Z,Bota peso pra gulÃª pegar,2025-08-12T23:21:54.594760Z,1644752,311908840
30181015,2025-08-12T23:21:41.103148Z,Minha duplaaaaa,2025-08-12T23:21:41.103148Z,1644752,311908840
30190912,2025-08-13T00:26:57.501952Z,Arrasou diva!,2025-08-13T00:26:57.501952Z,1177597,311948582
30190851,2025-08-13T00:26:35.538777Z,Kd o Twitter Luna,2025-08-13T00:26:35.538777Z,4624187,311948582
30181106,2025-08-12T23:22:13.208626Z,Muito que bemmmm,2025-08-12T23:22:13.208626Z,1644752,311948582
30207023,2025-08-13T09:10:51.636880Z,Sem falhar!!!,2025-08-13T09:10:51.636880Z,731782,311950158
30207003,2025-08-13T09:10:28.695392Z,Meta dada Ã© meta cumprida! ğŸ‘ğŸ¾,2025-08-13T09:10:28.695392Z,731782,311961528
30181147,2025-08-12T23:22:27.743519Z,Tira uma diazinho de descanso ğŸ™ğŸ¼,2025-08-12T23:22:27.743519Z,1644752,311961528
30190759,2025-08-13T00:25:57.254666Z,Nossa campeÃ£,2025-08-13T00:25:57.254666Z,4624187,311964506
30191262,2025-08-13T00:29:27.882407Z,CadÃª a maratonaaa,2025-08-13T00:29:27.882407Z,4624187,311978029
30217865,2025-08-13T12:39:59.272907Z,Pra cima pÃ³s,2025-08-13T12:39:59.272907Z,4629792,312073862
30206990,2025-08-13T09:09:59.984379Z,Victor surpreendendo todo mundo ğŸ‘ğŸ¾,2025-08-13T09:09:59.984379Z,731782,312084706
30190884,2025-08-13T00:26:47.786706Z,ğŸ‘€,2025-08-13T00:26:47.786706Z,4624187,312084706
30191114,2025-08-13T00:28:14.232692Z,Olha o proativo da cÃ©lula de comunicaÃ§Ã£o kkkk,2025-08-13T00:28:14.232692Z,4624187,312114671
30209081,2025-08-13T10:11:20.190861Z,Nossa diva,2025-08-13T10:11:20.190861Z,1644752,312118703
30191171,2025-08-13T00:28:43.079386Z,Finalmente a reaÃ§Ã£o da campeÃ£,2025-08-13T00:28:43.079386Z,4624187,312118703
30191617,2025-08-13T00:32:18.391549Z,Tu nÃ£o quer usar aquele app que mostra o dia da foto mesmo nÃ£o??,2025-08-13T00:32:18.391549Z,4441412,312127844
30206944,2025-08-13T09:08:02.836896Z,Ai sim ğŸ‘ğŸ¾ğŸ‘ğŸ¾ğŸ‘ğŸ¾ğŸ‘ğŸ¾ğŸ‘ğŸ¾,2025-08-13T09:08:02.836896Z,731782,312128488
30203680,2025-08-13T02:32:56.406819Z,Boaaa,2025-08-13T02:32:56.406819Z,4624187,312128488
30191560,2025-08-13T00:31:51.871011Z,"Boaaa, Hermilson!!!",2025-08-13T00:31:51.871011Z,4441412,312128488
30217823,2025-08-13T12:39:27.737807Z,Fechando a academia kkk,2025-08-13T12:39:27.737807Z,4629792,312130775
30206965,2025-08-13T09:08:56.204657Z,O capex sempre inspira kkk,2025-08-13T09:08:56.204657Z,731782,312130775
30203701,2025-08-13T02:33:19.950548Z,Olha ele,2025-08-13T02:33:19.950548Z,4624187,312130775
30206980,2025-08-13T09:09:38.379308Z,Liz vocÃª estÃ¡ focadissima ğŸ¥°ğŸ‘ğŸ¾,2025-08-13T09:09:38.379308Z,731782,312245239
30217853,2025-08-13T12:39:49.227359Z,Pra cima PÃ³s,2025-08-13T12:39:49.227359Z,4629792,312259565
30206959,2025-08-13T09:08:34.238142Z,Ta faltando estratÃ©gia pra ganhar 6 pontos,2025-08-13T09:08:34.238142Z,731782,312259565
30212554,2025-08-13T11:14:20.764091Z,kkkkkkkkkkk,2025-08-13T11:14:20.764091Z,512030,312365262
30209230,2025-08-13T10:14:26.990575Z,ValenÃ§a nunca viu tanta atividade fÃ­sica,2025-08-13T10:14:26.990575Z,4441412,312365262
30273334,2025-08-14T00:50:08.885503Z,Olha ele,2025-08-14T00:50:08.885503Z,4624187,312410773
30273312,2025-08-14T00:49:55.233471Z,Todo dia isso de bike,2025-08-14T00:49:55.233471Z,4624187,313097046
30306227,2025-08-14T15:56:55.552766Z,"Boa Hermilson, tÃ¡ quase lÃ¡",2025-08-14T15:56:55.552766Z,4629792,313269779
30328471,2025-08-14T22:10:52.260951Z,"Descansa Jani, aproveita as fÃ©rias",2025-08-14T22:10:52.260951Z,4629792,313664964
30337864,2025-08-14T23:33:35.165238Z,Que migue,2025-08-14T23:33:35.165238Z,4624187,313811078
30309564,2025-08-14T16:58:51.870966Z,MiguÃ© hein,2025-08-14T16:58:51.870966Z,4629792,313811078
