id,updated_at,created_at,account_id,workout_id,reaction
58866907,2025-07-17T09:26:23,2025-07-17T09:26:23,731782,288863717,ğŸ¤¯
58884394,2025-07-17T11:43:43,2025-07-17T11:43:43,1177597,288863717,ğŸ¤¯
58874649,2025-07-17T10:39:26,2025-07-17T10:39:26,1644752,288863717,ğŸ˜®
58957067,2025-07-17T21:41:26,2025-07-17T21:41:26,2435077,288863717,ğŸ˜®
58867409,2025-07-17T09:33:04,2025-07-17T09:33:04,4441412,288863717,ğŸ¤¯
58866816,2025-07-17T09:24:44,2025-07-17T09:24:44,4629792,288863717,ğŸ¤¯
58916329,2025-07-17T15:59:12,2025-07-17T15:59:12,4634824,288863717,ğŸ‘
58873519,2025-07-17T10:31:21,2025-07-17T10:31:21,731782,288898823,ğŸ’ª
58985600,2025-07-17T23:37:57,2025-07-17T23:37:57,1644752,288898823,ğŸ‘
58871370,2025-07-17T10:13:32,2025-07-17T10:13:32,4629792,288898823,ğŸ’ª
58916323,2025-07-17T15:59:06,2025-07-17T15:59:06,4634824,288898823,ğŸ‘
58878631,2025-07-17T11:07:03,2025-07-17T11:07:03,731782,288913230,ğŸ‘
58985642,2025-07-17T23:38:07,2025-07-17T23:38:07,1644752,288913230,ğŸ‘
58985700,2025-07-17T23:38:19,2025-07-17T23:38:19,1644752,289045686,ğŸ‘
58916313,2025-07-17T15:59:00,2025-07-17T15:59:00,4634824,289045686,ğŸ‘
58985451,2025-07-17T23:37:27,2025-07-17T23:37:27,1644752,289148770,ğŸ‘
59184034,2025-07-19T11:35:51,2025-07-19T11:35:51,4629072,289148770,ğŸ‘
58985420,2025-07-17T23:37:21,2025-07-17T23:37:21,1644752,289151686,ğŸ‘
58985727,2025-07-17T23:38:26,2025-07-17T23:38:26,1644752,289154711,ğŸ‘
58999338,2025-07-18T00:25:22,2025-07-18T00:25:22,4630016,289154711,ğŸ‘
58978331,2025-07-17T23:12:13,2025-07-17T23:12:13,731782,289427666,ğŸ’ª
58985948,2025-07-17T23:39:08,2025-07-17T23:39:08,1644752,289427666,ğŸ‘
58977174,2025-07-17T23:08:26,2025-07-17T23:08:26,4624187,289427666,ğŸ’ª
58961970,2025-07-17T22:05:51,2025-07-17T22:05:51,4629792,289427666,ğŸ’ª
58995693,2025-07-18T00:12:22,2025-07-18T00:12:22,4630016,289427666,ğŸ‘
58976740,2025-07-17T23:06:56,2025-07-17T23:06:56,512030,289449814,ğŸ‘
58978533,2025-07-17T23:12:54,2025-07-17T23:12:54,731782,289449814,ğŸ’ª
58965988,2025-07-17T22:23:17,2025-07-17T22:23:17,4613998,289449814,ğŸ’ª
58964908,2025-07-17T22:18:25,2025-07-17T22:18:25,4629792,289449814,ğŸ’ª
58966507,2025-07-17T22:25:28,2025-07-17T22:25:28,4630486,289449814,ğŸ’ª
58964591,2025-07-17T22:17:08,2025-07-17T22:17:08,698095,289453672,ğŸ’ª
58978269,2025-07-17T23:12:02,2025-07-17T23:12:02,731782,289453672,ğŸš€
58964057,2025-07-17T22:14:37,2025-07-17T22:14:37,1644752,289453672,â¤ï¸â€ğŸ”¥
58966003,2025-07-17T22:23:19,2025-07-17T22:23:19,2435077,289453672,ğŸ¥³
58977100,2025-07-17T23:08:13,2025-07-17T23:08:13,4624187,289453672,ğŸš€
58963989,2025-07-17T22:14:20,2025-07-17T22:14:20,4626632,289453672,ğŸ¥°
58964949,2025-07-17T22:18:38,2025-07-17T22:18:38,4629792,289453672,ğŸ’ª
58978505,2025-07-17T23:12:49,2025-07-17T23:12:49,731782,289458050,ğŸ’ª
58964433,2025-07-17T22:16:27,2025-07-17T22:16:27,4441412,289458050,ğŸ’ª
58964998,2025-07-17T22:18:50,2025-07-17T22:18:50,4629792,289458050,ğŸ’ª
58966248,2025-07-17T22:24:23,2025-07-17T22:24:23,4630486,289458050,ğŸ’ª
58968058,2025-07-17T22:32:05,2025-07-17T22:32:05,4632896,289458050,ğŸ’ª
58978088,2025-07-17T23:11:24,2025-07-17T23:11:24,731782,289473770,ğŸ‘
58966989,2025-07-17T22:27:36,2025-07-17T22:27:36,4441412,289473770,ğŸ‘
58992311,2025-07-18T00:00:40,2025-07-18T00:00:40,4629792,289473770,ğŸ‘
58967258,2025-07-17T22:28:53,2025-07-17T22:28:53,4633092,289473770,ğŸ’ª
58969677,2025-07-17T22:38:57,2025-07-17T22:38:57,698095,289493170,ğŸ’š
58978747,2025-07-17T23:13:38,2025-07-17T23:13:38,731782,289493170,ğŸš€
58981141,2025-07-17T23:22:05,2025-07-17T23:22:05,1644752,289493170,â¤ï¸â€ğŸ”¥
58977067,2025-07-17T23:08:07,2025-07-17T23:08:07,4624187,289493170,ğŸš€
58973197,2025-07-17T22:53:17,2025-07-17T22:53:17,698095,289497622,ğŸ’ª
58978058,2025-07-17T23:11:18,2025-07-17T23:11:18,731782,289497622,ğŸš€
58981067,2025-07-17T23:21:52,2025-07-17T23:21:52,1644752,289497622,â¤ï¸â€ğŸ”¥
58977013,2025-07-17T23:07:57,2025-07-17T23:07:57,4624187,289497622,ğŸš€
58970339,2025-07-17T22:41:43,2025-07-17T22:41:43,698095,289498580,ğŸ’ª
58978005,2025-07-17T23:11:09,2025-07-17T23:11:09,731782,289498580,ğŸš€
58981050,2025-07-17T23:21:48,2025-07-17T23:21:48,1644752,289498580,â¤ï¸â€ğŸ”¥
58976951,2025-07-17T23:07:48,2025-07-17T23:07:48,4624187,289498580,ğŸš€
58977954,2025-07-17T23:10:58,2025-07-17T23:10:58,731782,289533063,ğŸš€
58975363,2025-07-17T23:02:06,2025-07-17T23:02:06,1644752,289533063,ğŸš€
58976923,2025-07-17T23:07:40,2025-07-17T23:07:40,4624187,289533063,ğŸš€
58975399,2025-07-17T23:02:12,2025-07-17T23:02:12,4629792,289533063,ğŸ’ª
58986378,2025-07-17T23:40:23,2025-07-17T23:40:23,731782,289561354,ğŸ‘
58985828,2025-07-17T23:38:43,2025-07-17T23:38:43,1644752,289561354,ğŸ‘
58992191,2025-07-18T00:00:12,2025-07-18T00:00:12,698095,289583300,â¤ï¸â€ğŸ”¥
58999247,2025-07-18T00:25:04,2025-07-18T00:25:04,731782,289583300,ğŸš€
58985274,2025-07-17T23:36:49,2025-07-17T23:36:49,4624187,289583300,ğŸš€
58992233,2025-07-18T00:00:22,2025-07-18T00:00:22,4629792,289583300,ğŸš€
58995617,2025-07-18T00:12:07,2025-07-18T00:12:07,4630016,289583300,ğŸš€
58992169,2025-07-18T00:00:07,2025-07-18T00:00:07,698095,289622742,â¤ï¸â€ğŸ”¥
58999200,2025-07-18T00:24:55,2025-07-18T00:24:55,731782,289622742,ğŸ’ª
58990852,2025-07-17T23:55:10,2025-07-17T23:55:10,1644752,289622742,â¤ï¸â€ğŸ”¥
59036952,2025-07-18T08:26:33,2025-07-18T08:26:33,4624187,289622742,ğŸš€
58992205,2025-07-18T00:00:14,2025-07-18T00:00:14,4629792,289622742,ğŸ’ª
58994002,2025-07-18T00:06:34,2025-07-18T00:06:34,220368,289630388,ğŸ’ª
58999175,2025-07-18T00:24:50,2025-07-18T00:24:50,731782,289630388,ğŸ’ª
59004694,2025-07-18T00:43:52,2025-07-18T00:43:52,1644752,289630388,ğŸ‘
58992153,2025-07-18T00:00:04,2025-07-18T00:00:04,4629792,289630388,ğŸ’ª
59037114,2025-07-18T08:32:53,2025-07-18T08:32:53,731782,289650720,ğŸ‘
59005209,2025-07-18T00:45:30,2025-07-18T00:45:30,512030,289674280,ğŸ™…â€â™‚ï¸
59037039,2025-07-18T08:29:56,2025-07-18T08:29:56,731782,289674280,ğŸ‘
59004646,2025-07-18T00:43:39,2025-07-18T00:43:39,1644752,289674280,ğŸ‘
59000117,2025-07-18T00:27:52,2025-07-18T00:27:52,4629792,289674280,ğŸ™…â€â™‚ï¸
59006421,2025-07-18T00:49:58,2025-07-18T00:49:58,4630016,289674280,ğŸ‘
59006429,2025-07-18T00:49:59,2025-07-18T00:49:59,4630016,289674280,ğŸ™…â€â™‚ï¸
59037023,2025-07-18T08:29:09,2025-07-18T08:29:09,731782,289687451,ğŸ‘
59004580,2025-07-18T00:43:26,2025-07-18T00:43:26,1644752,289687451,ğŸ‘
59040162,2025-07-18T09:40:22,2025-07-18T09:40:22,4441412,289687451,ğŸ‘
59003738,2025-07-18T00:40:26,2025-07-18T00:40:26,4629792,289687451,ğŸ™…â€â™‚ï¸
59012327,2025-07-18T01:10:55,2025-07-18T01:10:55,4632896,289687451,ğŸ™…â€â™‚ï¸
59009134,2025-07-18T00:59:15,2025-07-18T00:59:15,370237,289691885,ğŸ‘
59010820,2025-07-18T01:04:58,2025-07-18T01:04:58,531003,289691885,ğŸ‘
59010812,2025-07-18T01:04:55,2025-07-18T01:04:55,531003,289691885,ğŸ™…â€â™‚ï¸
59037041,2025-07-18T08:30:00,2025-07-18T08:30:00,731782,289691885,ğŸ‘
59004624,2025-07-18T00:43:35,2025-07-18T00:43:35,1644752,289691885,ğŸ‘
59036894,2025-07-18T08:24:42,2025-07-18T08:24:42,4441412,289691885,ğŸš€
59011726,2025-07-18T01:08:36,2025-07-18T01:08:36,4624187,289691885,ğŸš€
59003604,2025-07-18T00:39:53,2025-07-18T00:39:53,4629792,289691885,ğŸ™…â€â™‚ï¸
59012044,2025-07-18T01:09:58,2025-07-18T01:09:58,4632896,289691885,ğŸ™…â€â™‚ï¸
59005808,2025-07-18T00:47:39,2025-07-18T00:47:39,4629792,289702755,ğŸ™…â€â™‚ï¸
59037032,2025-07-18T08:29:43,2025-07-18T08:29:43,731782,289717472,ğŸ˜±
59040173,2025-07-18T09:40:29,2025-07-18T09:40:29,4441412,289717472,ğŸ™…â€â™‚ï¸
59008958,2025-07-18T00:58:38,2025-07-18T00:58:38,4629792,289717472,ğŸ™…â€â™‚ï¸
59012192,2025-07-18T01:10:32,2025-07-18T01:10:32,4632896,289717472,ğŸ™…â€â™‚ï¸
59037025,2025-07-18T08:29:16,2025-07-18T08:29:16,731782,289720341,ğŸš€
59011642,2025-07-18T01:08:12,2025-07-18T01:08:12,4624187,289720341,ğŸš€
59009535,2025-07-18T01:00:31,2025-07-18T01:00:31,4629792,289720341,ğŸ‘€
59037020,2025-07-18T08:29:04,2025-07-18T08:29:04,731782,289737289,ğŸ’ª
59042784,2025-07-18T10:09:11,2025-07-18T10:09:11,1644752,289737289,ğŸ‘
59036957,2025-07-18T08:26:56,2025-07-18T08:26:56,4629792,289737289,ğŸ’ª
59015641,2025-07-18T01:24:35,2025-07-18T01:24:35,4630016,289737289,ğŸ’ª
59037027,2025-07-18T08:29:29,2025-07-18T08:29:29,731782,289765291,ğŸ‘
59036919,2025-07-18T08:25:25,2025-07-18T08:25:25,4629792,289765291,ğŸ™…â€â™‚ï¸
59040387,2025-07-18T09:43:44,2025-07-18T09:43:44,731782,289839102,ğŸ‘
59040401,2025-07-18T09:43:54,2025-07-18T09:43:54,731782,289839102,ğŸ¥µ
59159993,2025-07-19T01:01:05,2025-07-19T01:01:05,4562980,289839102,ğŸ’ª
59040994,2025-07-18T09:50:16,2025-07-18T09:50:16,4629792,289839102,ğŸ‘
59040377,2025-07-18T09:43:30,2025-07-18T09:43:30,731782,289855756,ğŸ’ª
59042751,2025-07-18T10:08:54,2025-07-18T10:08:54,1644752,289855756,ğŸ‘
59040147,2025-07-18T09:40:11,2025-07-18T09:40:11,4441412,289855756,ğŸ’ª
59184026,2025-07-19T11:35:45,2025-07-19T11:35:45,4629072,289855756,ğŸ’ª
59040979,2025-07-18T09:50:04,2025-07-18T09:50:04,4629792,289855756,ğŸ’ª
59042770,2025-07-18T10:09:05,2025-07-18T10:09:05,1644752,289858193,ğŸ‘
59040964,2025-07-18T09:49:58,2025-07-18T09:49:58,4629792,289858193,ğŸ’ª
59086038,2025-07-18T16:06:49,2025-07-18T16:06:49,4630016,289858193,ğŸ‘
59042600,2025-07-18T10:07:42,2025-07-18T10:07:42,512030,289869312,ğŸ‹ï¸
59045862,2025-07-18T10:35:48,2025-07-18T10:35:48,731782,289869312,ğŸ‘
59045859,2025-07-18T10:35:47,2025-07-18T10:35:47,731782,289869312,ğŸ‹ï¸
59042730,2025-07-18T10:08:42,2025-07-18T10:08:42,1644752,289869312,ğŸ‘
59045888,2025-07-18T10:36:01,2025-07-18T10:36:01,731782,289873923,ğŸ’ª
59042739,2025-07-18T10:08:46,2025-07-18T10:08:46,1644752,289873923,ğŸ‘
59042680,2025-07-18T10:08:24,2025-07-18T10:08:24,4441412,289873923,ğŸ’ª
59084245,2025-07-18T15:52:11,2025-07-18T15:52:11,288715,289896046,ğŸ‘
59084316,2025-07-18T15:52:43,2025-07-18T15:52:43,731782,289896046,ğŸ‘
59048588,2025-07-18T10:57:58,2025-07-18T10:57:58,1644752,289896046,ğŸ‘
59046408,2025-07-18T10:40:23,2025-07-18T10:40:23,4441412,289896046,ğŸ‘
59164934,2025-07-19T01:34:54,2025-07-19T01:34:54,4562980,289896046,ğŸ’ª
59056880,2025-07-18T11:53:08,2025-07-18T11:53:08,4629792,289896046,ğŸ‘
59084304,2025-07-18T15:52:38,2025-07-18T15:52:38,731782,289897203,ğŸ‘
59048599,2025-07-18T10:58:06,2025-07-18T10:58:06,1644752,289897203,ğŸ‘
59046541,2025-07-18T10:41:30,2025-07-18T10:41:30,4441412,289897203,ğŸ‘
59056864,2025-07-18T11:53:02,2025-07-18T11:53:02,4629792,289897203,ğŸ‘
59084339,2025-07-18T15:52:55,2025-07-18T15:52:55,731782,289943425,ğŸ‘
59126177,2025-07-18T22:08:18,2025-07-18T22:08:18,900220,289943425,ğŸ‘
59167080,2025-07-19T01:51:17,2025-07-19T01:51:17,1644752,289943425,ğŸ‘
59159890,2025-07-19T01:00:24,2025-07-19T01:00:24,4562980,289943425,ğŸ’¯
59089385,2025-07-18T16:36:05,2025-07-18T16:36:05,731782,290133551,ğŸ™…â€â™‚ï¸
59137067,2025-07-18T23:02:44,2025-07-18T23:02:44,1644752,290133551,ğŸ‘
59164974,2025-07-19T01:35:15,2025-07-19T01:35:15,4562980,290133551,ğŸ’ª
59088575,2025-07-18T16:29:59,2025-07-18T16:29:59,4629792,290133551,ğŸ™…â€â™‚ï¸
59147628,2025-07-18T23:55:27,2025-07-18T23:55:27,731782,290370908,ğŸ‘
59137053,2025-07-18T23:02:37,2025-07-18T23:02:37,1644752,290370908,ğŸ‘
59164963,2025-07-19T01:35:10,2025-07-19T01:35:10,4562980,290370908,ğŸ’ª
59136693,2025-07-18T23:00:40,2025-07-18T23:00:40,4630486,290370908,ğŸ«¡
59159981,2025-07-19T01:00:59,2025-07-19T01:00:59,698095,290389442,ğŸ’ª
59147618,2025-07-18T23:55:24,2025-07-18T23:55:24,731782,290389442,ğŸš€
59167975,2025-07-19T01:58:50,2025-07-19T01:58:50,1177597,290389442,â¤ï¸â€ğŸ”¥
59137042,2025-07-18T23:02:32,2025-07-18T23:02:32,1644752,290389442,ğŸš€
59125836,2025-07-18T22:06:48,2025-07-18T22:06:48,4624187,290389442,ğŸš€
59159963,2025-07-19T01:00:53,2025-07-19T01:00:53,698095,290440634,ğŸ’ª
59147559,2025-07-18T23:55:08,2025-07-18T23:55:08,731782,290440634,ğŸ’ª
59137028,2025-07-18T23:02:26,2025-07-18T23:02:26,1644752,290440634,ğŸ’ª
59138168,2025-07-18T23:08:40,2025-07-18T23:08:40,4624187,290440634,ğŸš€
59147490,2025-07-18T23:54:53,2025-07-18T23:54:53,731782,290462248,ğŸ‘
59136943,2025-07-18T23:02:02,2025-07-18T23:02:02,1644752,290462248,ğŸ‘
59164703,2025-07-19T01:33:13,2025-07-19T01:33:13,4562980,290462248,ğŸ’ª
59159943,2025-07-19T01:00:47,2025-07-19T01:00:47,698095,290482806,ğŸ’ª
59147466,2025-07-18T23:54:45,2025-07-18T23:54:45,731782,290482806,ğŸš€
59167898,2025-07-19T01:58:11,2025-07-19T01:58:11,1177597,290482806,ğŸš€
59166707,2025-07-19T01:48:28,2025-07-19T01:48:28,1644752,290482806,ğŸ’ª
59144399,2025-07-18T23:40:27,2025-07-18T23:40:27,4624187,290482806,ğŸš€
59147433,2025-07-18T23:54:35,2025-07-18T23:54:35,731782,290507060,ğŸ‘
59159972,2025-07-19T01:00:55,2025-07-19T01:00:55,698095,290514484,ğŸ’ª
59147581,2025-07-18T23:55:14,2025-07-18T23:55:14,731782,290514484,ğŸ‘
59167748,2025-07-19T01:56:57,2025-07-19T01:56:57,1177597,290514484,â¤ï¸
59166987,2025-07-19T01:50:38,2025-07-19T01:50:38,1644752,290514484,â¤ï¸
59166878,2025-07-19T01:49:48,2025-07-19T01:49:48,4624187,290514484,â¤ï¸
59147603,2025-07-18T23:55:19,2025-07-18T23:55:19,731782,290519088,ğŸ’ª
59167030,2025-07-19T01:50:55,2025-07-19T01:50:55,1644752,290519088,ğŸ’ª
59146678,2025-07-18T23:51:22,2025-07-18T23:51:22,4441412,290519088,ğŸ’ª
59146292,2025-07-18T23:48:58,2025-07-18T23:48:58,4629792,290519088,ğŸ’ª
59184128,2025-07-19T11:37:00,2025-07-19T11:37:00,4629072,290525019,ğŸ‘
59159950,2025-07-19T01:00:50,2025-07-19T01:00:50,698095,290525029,ğŸ’ª
59180500,2025-07-19T10:24:01,2025-07-19T10:24:01,731782,290525029,ğŸ’ª
59167916,2025-07-19T01:58:22,2025-07-19T01:58:22,1177597,290525029,â¤ï¸â€ğŸ”¥
59166868,2025-07-19T01:49:38,2025-07-19T01:49:38,4624187,290525029,â¤ï¸
59150918,2025-07-19T00:10:56,2025-07-19T00:10:56,4629792,290525029,ğŸ’ª
59180482,2025-07-19T10:23:37,2025-07-19T10:23:37,731782,290546933,ğŸ‘
59151741,2025-07-19T00:15:10,2025-07-19T00:15:10,4441412,290546933,ğŸ‘
59151580,2025-07-19T00:14:20,2025-07-19T00:14:20,4629792,290546933,ğŸ™…â€â™‚ï¸
59157259,2025-07-19T00:44:08,2025-07-19T00:44:08,4630016,290546933,ğŸ‘
59162178,2025-07-19T01:14:58,2025-07-19T01:14:58,512030,290551945,ğŸ’ª
59180467,2025-07-19T10:23:16,2025-07-19T10:23:16,731782,290551945,ğŸ’ª
59152607,2025-07-19T00:19:43,2025-07-19T00:19:43,4629792,290551945,ğŸ’ª
59157180,2025-07-19T00:43:44,2025-07-19T00:43:44,4630016,290551945,ğŸ’ª
59159939,2025-07-19T01:00:44,2025-07-19T01:00:44,698095,290556652,ğŸ’ª
59180490,2025-07-19T10:23:48,2025-07-19T10:23:48,731782,290556652,ğŸ’ª
59166696,2025-07-19T01:48:23,2025-07-19T01:48:23,1644752,290556652,ğŸ’ª
59166851,2025-07-19T01:49:30,2025-07-19T01:49:30,4624187,290556652,â¤ï¸
59159373,2025-07-19T00:56:52,2025-07-19T00:56:52,4629792,290556652,ğŸ™…â€â™‚ï¸
59159922,2025-07-19T01:00:37,2025-07-19T01:00:37,698095,290579055,ğŸ’ª
59180461,2025-07-19T10:23:03,2025-07-19T10:23:03,731782,290579055,ğŸ’ª
59167865,2025-07-19T01:57:54,2025-07-19T01:57:54,1177597,290579055,â¤ï¸
59167847,2025-07-19T01:57:49,2025-07-19T01:57:49,1177597,290579055,â¤ï¸â€ğŸ”¥
59166662,2025-07-19T01:48:11,2025-07-19T01:48:11,1644752,290579055,â¤ï¸â€ğŸ”¥
59166603,2025-07-19T01:47:45,2025-07-19T01:47:45,4624187,290579055,â¤ï¸
59159917,2025-07-19T01:00:35,2025-07-19T01:00:35,698095,290590300,ğŸ’ª
59180474,2025-07-19T10:23:27,2025-07-19T10:23:27,731782,290590300,ğŸ’ª
59167828,2025-07-19T01:57:40,2025-07-19T01:57:40,1177597,290590300,ğŸ’ª
59166675,2025-07-19T01:48:18,2025-07-19T01:48:18,1644752,290590300,ğŸ’ª
59180453,2025-07-19T10:22:51,2025-07-19T10:22:51,731782,290614572,ğŸ’ª
59165080,2025-07-19T01:36:14,2025-07-19T01:36:14,4629792,290614572,ğŸ’ª
59179574,2025-07-19T09:49:34,2025-07-19T09:49:34,4633092,290614572,ğŸ’ª
59183731,2025-07-19T11:31:17,2025-07-19T11:31:17,531003,290643416,ğŸ’ª
59180458,2025-07-19T10:22:58,2025-07-19T10:22:58,731782,290643416,ğŸ’ª
59178274,2025-07-19T08:20:07,2025-07-19T08:20:07,4441412,290643416,ğŸ’ª
59178880,2025-07-19T09:15:23,2025-07-19T09:15:23,4629792,290643416,ğŸ’ª
59189823,2025-07-19T12:47:05,2025-07-19T12:47:05,731782,290687442,ğŸ’ª
59181975,2025-07-19T10:59:59,2025-07-19T10:59:59,4441412,290687442,ğŸ’ª
59180708,2025-07-19T10:29:48,2025-07-19T10:29:48,4629792,290687442,ğŸ’ª
59193150,2025-07-19T13:13:59,2025-07-19T13:13:59,512030,290696412,ğŸ’ª
59189650,2025-07-19T12:45:23,2025-07-19T12:45:23,731782,290696412,ğŸ’ª
59189653,2025-07-19T12:45:25,2025-07-19T12:45:25,731782,290696412,â¤ï¸
59186510,2025-07-19T12:10:35,2025-07-19T12:10:35,1644752,290696412,ğŸ’ª
59183549,2025-07-19T11:27:54,2025-07-19T11:27:54,4624187,290696412,â¤ï¸
59182073,2025-07-19T11:01:48,2025-07-19T11:01:48,4629792,290696412,ğŸ’ª
59189849,2025-07-19T12:47:20,2025-07-19T12:47:20,731782,290696745,ğŸ‘
59182127,2025-07-19T11:02:43,2025-07-19T11:02:43,4441412,290696745,ğŸ‘
59184016,2025-07-19T11:35:36,2025-07-19T11:35:36,4629072,290696745,ğŸ‘
59182545,2025-07-19T11:09:40,2025-07-19T11:09:40,4629792,290696745,ğŸ‘
59189514,2025-07-19T12:44:07,2025-07-19T12:44:07,731782,290698837,ğŸ’¯
59228684,2025-07-19T17:16:15,2025-07-19T17:16:15,1177597,290698837,ğŸ’ª
59210415,2025-07-19T15:10:11,2025-07-19T15:10:11,1644752,290698837,ğŸ’ª
59183541,2025-07-19T11:27:45,2025-07-19T11:27:45,3432244,290698837,ğŸ’¯
59182523,2025-07-19T11:09:05,2025-07-19T11:09:05,4629792,290698837,ğŸ’ª
59189496,2025-07-19T12:44:01,2025-07-19T12:44:01,731782,290705839,ğŸ‘
59208537,2025-07-19T14:59:28,2025-07-19T14:59:28,4629792,290705839,ğŸ‘
59188732,2025-07-19T12:36:17,2025-07-19T12:36:17,512030,290721220,ğŸ‘
59189542,2025-07-19T12:44:23,2025-07-19T12:44:23,731782,290721220,ğŸ‘
59186165,2025-07-19T12:06:42,2025-07-19T12:06:42,4441412,290721220,ğŸ‘
59187460,2025-07-19T12:22:05,2025-07-19T12:22:05,4624187,290721220,ğŸ‘€
59189568,2025-07-19T12:44:45,2025-07-19T12:44:45,731782,290728091,ğŸ‘
59277425,2025-07-20T09:24:26,2025-07-20T09:24:26,1177597,290728091,â¤ï¸â€ğŸ”¥
59186496,2025-07-19T12:10:24,2025-07-19T12:10:24,1644752,290728091,â¤ï¸â€ğŸ”¥
59187430,2025-07-19T12:21:41,2025-07-19T12:21:41,4624187,290728091,â¤ï¸
59189448,2025-07-19T12:43:42,2025-07-19T12:43:42,731782,290742326,ğŸ‘
59188328,2025-07-19T12:31:47,2025-07-19T12:31:47,4629792,290742326,ğŸ’ª
59199342,2025-07-19T14:01:40,2025-07-19T14:01:40,4630016,290742326,ğŸ‘
59191431,2025-07-19T13:01:06,2025-07-19T13:01:06,4634901,290742326,ğŸš´
59213167,2025-07-19T15:27:54,2025-07-19T15:27:54,4634966,290742326,ğŸ’ª
59189633,2025-07-19T12:45:16,2025-07-19T12:45:16,731782,290745055,ğŸ‘
59199531,2025-07-19T14:02:48,2025-07-19T14:02:48,900220,290750399,ğŸ’ª
59277410,2025-07-20T09:23:43,2025-07-20T09:23:43,1177597,290750399,â¤ï¸
59210369,2025-07-19T15:09:50,2025-07-19T15:09:50,1644752,290750399,ğŸ’ª
59192014,2025-07-19T13:05:25,2025-07-19T13:05:25,4624187,290750399,â¤ï¸
59194341,2025-07-19T13:23:23,2025-07-19T13:23:23,4629792,290750399,â¤ï¸
59251539,2025-07-19T21:02:24,2025-07-19T21:02:24,4630016,290750399,â¤ï¸
59207176,2025-07-19T14:51:12,2025-07-19T14:51:12,193425,290768644,ğŸ’ª
59194529,2025-07-19T13:24:49,2025-07-19T13:24:49,731782,290768644,ğŸ¥°
59196852,2025-07-19T13:43:40,2025-07-19T13:43:40,4624187,290768644,â¤ï¸
59208448,2025-07-19T14:59:01,2025-07-19T14:59:01,4629792,290768644,ğŸ’ª
59196823,2025-07-19T13:43:23,2025-07-19T13:43:23,4629792,290802772,ğŸ™…â€â™‚ï¸
59205790,2025-07-19T14:42:59,2025-07-19T14:42:59,4632896,290802772,ğŸ™…â€â™‚ï¸
59200013,2025-07-19T14:05:53,2025-07-19T14:05:53,731782,290812314,ğŸ‘
59212155,2025-07-19T15:21:05,2025-07-19T15:21:05,4624187,290812314,ğŸ‘
59208429,2025-07-19T14:58:55,2025-07-19T14:58:55,4629792,290812314,ğŸ™…â€â™‚ï¸
59207674,2025-07-19T14:54:19,2025-07-19T14:54:19,4637293,290812314,ğŸ‘
59209609,2025-07-19T15:05:22,2025-07-19T15:05:22,4637293,290812314,ğŸ™…â€â™‚ï¸
59207369,2025-07-19T14:52:14,2025-07-19T14:52:14,193425,290821737,ğŸ‘
59199990,2025-07-19T14:05:44,2025-07-19T14:05:44,731782,290821737,ğŸ‘
59210668,2025-07-19T15:11:50,2025-07-19T15:11:50,4562980,290821737,ğŸ¥‡
59208368,2025-07-19T14:58:27,2025-07-19T14:58:27,4629792,290821737,ğŸ‘
59277403,2025-07-20T09:22:27,2025-07-20T09:22:27,1177597,290870514,â¤ï¸â€ğŸ”¥
59211997,2025-07-19T15:19:58,2025-07-19T15:19:58,4624187,290870514,â¤ï¸
59269304,2025-07-20T00:55:46,2025-07-20T00:55:46,4640490,290870514,ğŸ’ª
59254374,2025-07-19T21:29:50,2025-07-19T21:29:50,731782,290871775,ğŸ’ª
59208327,2025-07-19T14:58:12,2025-07-19T14:58:12,4629792,290871775,ğŸ’ª
59251467,2025-07-19T21:01:36,2025-07-19T21:01:36,4630016,290871775,ğŸ’ª
59254359,2025-07-19T21:29:43,2025-07-19T21:29:43,731782,290928143,ğŸ‘
59215201,2025-07-19T15:40:43,2025-07-19T15:40:43,4624187,290928143,â¤ï¸
59269293,2025-07-20T00:55:36,2025-07-20T00:55:36,4640490,290928143,ğŸ’ª
59254464,2025-07-19T21:30:46,2025-07-19T21:30:46,731782,290941936,ğŸ’ª
59217432,2025-07-19T15:54:59,2025-07-19T15:54:59,4624187,290941936,â¤ï¸
59216566,2025-07-19T15:49:22,2025-07-19T15:49:22,4629792,290941936,ğŸ’ª
59254502,2025-07-19T21:31:11,2025-07-19T21:31:11,731782,290945846,ğŸ™…â€â™‚ï¸
59217036,2025-07-19T15:52:22,2025-07-19T15:52:22,4629792,290945846,ğŸ™…â€â™‚ï¸
59254319,2025-07-19T21:29:16,2025-07-19T21:29:16,731782,290977505,ğŸ’ª
59232969,2025-07-19T17:54:47,2025-07-19T17:54:47,4629792,290977505,ğŸ’ª
59254435,2025-07-19T21:30:26,2025-07-19T21:30:26,731782,290979412,ğŸ’ª
59223957,2025-07-19T16:40:01,2025-07-19T16:40:01,4629792,290979412,ğŸ’ª
59233294,2025-07-19T17:57:46,2025-07-19T17:57:46,4441412,291036525,ğŸ™…â€â™‚ï¸
59377012,2025-07-21T13:52:58,2025-07-21T13:52:58,4626331,291036525,ğŸ™…â€â™‚ï¸
59232930,2025-07-19T17:54:33,2025-07-19T17:54:33,4629792,291036525,ğŸ™…â€â™‚ï¸
59254475,2025-07-19T21:30:54,2025-07-19T21:30:54,731782,291046485,ğŸ‘
59254294,2025-07-19T21:29:04,2025-07-19T21:29:04,731782,291130326,ğŸ‘
59277396,2025-07-20T09:21:19,2025-07-20T09:21:19,1177597,291130326,ğŸ¥°
59283062,2025-07-20T12:40:23,2025-07-20T12:40:23,1644752,291130326,ğŸ’ª
59249417,2025-07-19T20:40:59,2025-07-19T20:40:59,4441412,291130326,ğŸ‘
59250501,2025-07-19T20:51:52,2025-07-19T20:51:52,4624187,291130326,ğŸ‘
59251458,2025-07-19T21:01:30,2025-07-19T21:01:30,4630016,291130326,ğŸ‘
59269283,2025-07-20T00:55:25,2025-07-20T00:55:25,4640490,291130326,ğŸ’ª
59254284,2025-07-19T21:29:00,2025-07-19T21:29:00,731782,291142417,ğŸ’ª
59252636,2025-07-19T21:13:10,2025-07-19T21:13:10,4629792,291142417,ğŸ’ª
59254259,2025-07-19T21:28:45,2025-07-19T21:28:45,731782,291150251,ğŸ’ª
59252602,2025-07-19T21:12:50,2025-07-19T21:12:50,4629792,291150251,ğŸ’ª
59254555,2025-07-19T21:31:42,2025-07-19T21:31:42,4630016,291150251,ğŸ’ª
59254310,2025-07-19T21:29:12,2025-07-19T21:29:12,731782,291154398,ğŸ‘
59277398,2025-07-20T09:21:33,2025-07-20T09:21:33,1177597,291154398,ğŸ’ª
59282916,2025-07-20T12:38:08,2025-07-20T12:38:08,4624187,291154398,ğŸ‘
59269286,2025-07-20T00:55:29,2025-07-20T00:55:29,4640490,291154398,ğŸ’ª
59254248,2025-07-19T21:28:36,2025-07-19T21:28:36,731782,291158633,ğŸ‘
59277391,2025-07-20T09:20:44,2025-07-20T09:20:44,1177597,291158633,â¤ï¸
59277482,2025-07-20T09:32:04,2025-07-20T09:32:04,1644752,291158633,ğŸ‘
59255787,2025-07-19T21:45:19,2025-07-19T21:45:19,4624187,291158633,â¤ï¸
59269260,2025-07-20T00:55:08,2025-07-20T00:55:08,4640490,291158633,ğŸ‘
59278405,2025-07-20T10:41:32,2025-07-20T10:41:32,731782,291206557,ğŸ™…â€â™‚ï¸
59263075,2025-07-19T23:14:29,2025-07-19T23:14:29,4629792,291206557,ğŸ™…â€â™‚ï¸
59278411,2025-07-20T10:41:44,2025-07-20T10:41:44,731782,291206772,ğŸ’ª
59263841,2025-07-19T23:26:28,2025-07-19T23:26:28,4441412,291206772,ğŸ’ª
59263042,2025-07-19T23:14:10,2025-07-19T23:14:10,4629792,291206772,ğŸ’ª
59278408,2025-07-20T10:41:40,2025-07-20T10:41:40,731782,291217304,â¤ï¸
59277387,2025-07-20T09:20:29,2025-07-20T09:20:29,1177597,291217304,ğŸ¥³
59277485,2025-07-20T09:32:10,2025-07-20T09:32:10,1644752,291217304,ğŸ¥³
59267064,2025-07-20T00:14:32,2025-07-20T00:14:32,3432244,291217304,ğŸ¥³
59270707,2025-07-20T01:20:51,2025-07-20T01:20:51,4624187,291217304,â¤ï¸
59278403,2025-07-20T10:41:28,2025-07-20T10:41:28,731782,291221166,ğŸ’ª
59265794,2025-07-19T23:54:12,2025-07-19T23:54:12,4629792,291221166,ğŸ™…â€â™‚ï¸
59268679,2025-07-20T00:45:02,2025-07-20T00:45:02,4630016,291221166,ğŸ’ª
59278398,2025-07-20T10:41:18,2025-07-20T10:41:18,731782,291257859,â¤ï¸
59277486,2025-07-20T09:32:18,2025-07-20T09:32:18,1644752,291257859,â¤ï¸
59272964,2025-07-20T02:10:30,2025-07-20T02:10:30,4624187,291257859,â¤ï¸
59278903,2025-07-20T11:03:45,2025-07-20T11:03:45,4629792,291257859,ğŸ’ª
59278690,2025-07-20T10:54:27,2025-07-20T10:54:27,512030,291290955,ğŸ’ª
59278478,2025-07-20T10:45:34,2025-07-20T10:45:34,900220,291290955,â¤ï¸
59283024,2025-07-20T12:39:48,2025-07-20T12:39:48,1644752,291290955,ğŸ’ª
59278472,2025-07-20T10:45:22,2025-07-20T10:45:22,3432244,291290955,ğŸ’ª
59278565,2025-07-20T10:49:51,2025-07-20T10:49:51,4441412,291290955,â¤ï¸
59282906,2025-07-20T12:37:55,2025-07-20T12:37:55,4624187,291290955,â¤ï¸
59278443,2025-07-20T10:43:38,2025-07-20T10:43:38,4629792,291290955,ğŸ’ª
59285792,2025-07-20T13:18:10,2025-07-20T13:18:10,4630016,291290955,â¤ï¸
59322137,2025-07-20T20:29:42,2025-07-20T20:29:42,4640490,291290955,ğŸ’ª
59279351,2025-07-20T11:18:29,2025-07-20T11:18:29,731782,291292176,ğŸ‘
59278648,2025-07-20T10:52:44,2025-07-20T10:52:44,4441412,291292176,ğŸ‘
59278879,2025-07-20T11:02:42,2025-07-20T11:02:42,4629792,291292176,ğŸ‘
59279365,2025-07-20T11:18:42,2025-07-20T11:18:42,731782,291292365,ğŸ’ª
59286124,2025-07-20T13:23:03,2025-07-20T13:23:03,1177597,291292365,â¤ï¸â€ğŸ”¥
59279623,2025-07-20T11:26:36,2025-07-20T11:26:36,4624187,291292365,â¤ï¸
59278886,2025-07-20T11:02:54,2025-07-20T11:02:54,4629792,291292365,ğŸ’ª
59280082,2025-07-20T11:40:55,2025-07-20T11:40:55,731782,291301309,ğŸ‘
59286110,2025-07-20T13:22:50,2025-07-20T13:22:50,1177597,291301309,â¤ï¸â€ğŸ”¥
59282534,2025-07-20T12:31:20,2025-07-20T12:31:20,1644752,291301309,ğŸ‘
59281513,2025-07-20T12:13:04,2025-07-20T12:13:04,731782,291307096,ğŸ‘
59282997,2025-07-20T12:39:24,2025-07-20T12:39:24,1644752,291307096,ğŸ‘
59287749,2025-07-20T13:42:39,2025-07-20T13:42:39,4630486,291307096,ğŸ‘
59281563,2025-07-20T12:13:42,2025-07-20T12:13:42,731782,291308555,ğŸ’ª
59291062,2025-07-20T14:16:10,2025-07-20T14:16:10,1644752,291308555,ğŸ’ª
59280852,2025-07-20T11:59:58,2025-07-20T11:59:58,4629792,291308555,ğŸ’ª
59281581,2025-07-20T12:14:18,2025-07-20T12:14:18,731782,291310242,ğŸ˜®
59296279,2025-07-20T15:06:55,2025-07-20T15:06:55,4638912,291310242,ğŸ”¥
59303851,2025-07-20T16:16:47,2025-07-20T16:16:47,731782,291321305,ğŸ’ª
59285668,2025-07-20T13:16:24,2025-07-20T13:16:24,4630016,291321305,ğŸ’ª
59284417,2025-07-20T13:01:01,2025-07-20T13:01:01,4441412,291330880,ğŸ‘
59293941,2025-07-20T14:45:22,2025-07-20T14:45:22,512030,291349308,ğŸ™…â€â™‚ï¸
59304031,2025-07-20T16:17:58,2025-07-20T16:17:58,731782,291349308,ğŸ™…â€â™‚ï¸
59286473,2025-07-20T13:26:42,2025-07-20T13:26:42,4441412,291349308,ğŸ™…â€â™‚ï¸
59286467,2025-07-20T13:26:38,2025-07-20T13:26:38,4629792,291349308,ğŸ™…â€â™‚ï¸
59287755,2025-07-20T13:42:42,2025-07-20T13:42:42,4645342,291349308,ğŸ™…â€â™‚ï¸
59303888,2025-07-20T16:16:59,2025-07-20T16:16:59,731782,291360018,ğŸ‘
59303997,2025-07-20T16:17:42,2025-07-20T16:17:42,731782,291364782,â¤ï¸
59291035,2025-07-20T14:15:56,2025-07-20T14:15:56,1644752,291364782,â¤ï¸
59288802,2025-07-20T13:54:02,2025-07-20T13:54:02,4624187,291364782,â¤ï¸
59289045,2025-07-20T13:56:59,2025-07-20T13:56:59,4629792,291364782,ğŸ™…â€â™‚ï¸
59304008,2025-07-20T16:17:46,2025-07-20T16:17:46,731782,291374949,ğŸ‘
59290962,2025-07-20T14:15:12,2025-07-20T14:15:12,1644752,291374949,ğŸ‘
59303861,2025-07-20T16:16:51,2025-07-20T16:16:51,731782,291384809,ğŸ‘
59290972,2025-07-20T14:15:17,2025-07-20T14:15:17,1644752,291384809,â¤ï¸â€ğŸ”¥
59291906,2025-07-20T14:25:58,2025-07-20T14:25:58,4441412,291384809,ğŸ‘
59292025,2025-07-20T14:27:12,2025-07-20T14:27:12,4624187,291384809,ğŸ‘
59322120,2025-07-20T20:29:27,2025-07-20T20:29:27,4640490,291384809,ğŸ’ª
59303783,2025-07-20T16:16:17,2025-07-20T16:16:17,731782,291394976,ğŸ‘
59304068,2025-07-20T16:18:22,2025-07-20T16:18:22,731782,291410915,ğŸ™…â€â™‚ï¸
59294445,2025-07-20T14:50:42,2025-07-20T14:50:42,4441412,291410915,ğŸ™…â€â™‚ï¸
59296851,2025-07-20T15:11:54,2025-07-20T15:11:54,4624187,291410915,â¤ï¸
59294230,2025-07-20T14:48:32,2025-07-20T14:48:32,4629792,291410915,ğŸ™…â€â™‚ï¸
59303792,2025-07-20T16:16:22,2025-07-20T16:16:22,731782,291412926,ğŸ’ª
59294481,2025-07-20T14:51:01,2025-07-20T14:51:01,4629792,291412926,ğŸ’ª
59304076,2025-07-20T16:18:26,2025-07-20T16:18:26,731782,291427059,ğŸ’ª
59296598,2025-07-20T15:09:46,2025-07-20T15:09:46,4441412,291427059,ğŸ’ª
59296347,2025-07-20T15:07:34,2025-07-20T15:07:34,4629792,291427059,ğŸ’ª
59306853,2025-07-20T16:47:03,2025-07-20T16:47:03,4630016,291427059,ğŸ’ª
59303814,2025-07-20T16:16:33,2025-07-20T16:16:33,731782,291454917,ğŸ‘
59304125,2025-07-20T16:18:55,2025-07-20T16:18:55,731782,291474028,ğŸ‘
59322925,2025-07-20T20:40:34,2025-07-20T20:40:34,731782,291488638,ğŸ‘
59305414,2025-07-20T16:33:05,2025-07-20T16:33:05,4441412,291488638,ğŸ‘
59305314,2025-07-20T16:31:58,2025-07-20T16:31:58,4629792,291488638,ğŸ™…â€â™‚ï¸
59310628,2025-07-20T17:30:46,2025-07-20T17:30:46,4629843,291488638,ğŸ’ª
59306863,2025-07-20T16:47:12,2025-07-20T16:47:12,4630016,291488638,ğŸ‘
59318974,2025-07-20T19:40:32,2025-07-20T19:40:32,4630016,291488638,ğŸ’ª
59322869,2025-07-20T20:39:51,2025-07-20T20:39:51,731782,291560325,ğŸ‘
59318391,2025-07-20T19:30:27,2025-07-20T19:30:27,4629792,291560325,ğŸ™…â€â™‚ï¸
59326822,2025-07-20T21:29:02,2025-07-20T21:29:02,4630016,291560325,ğŸ‘
59322853,2025-07-20T20:39:40,2025-07-20T20:39:40,731782,291560978,ğŸ™…â€â™‚ï¸
59318435,2025-07-20T19:31:29,2025-07-20T19:31:29,4629792,291560978,ğŸ™…â€â™‚ï¸
59322814,2025-07-20T20:39:18,2025-07-20T20:39:18,731782,291561464,ğŸ‘
59322778,2025-07-20T20:38:44,2025-07-20T20:38:44,731782,291562103,ğŸ‘
59318693,2025-07-20T19:35:31,2025-07-20T19:35:31,4629792,291562103,ğŸ’ª
59326810,2025-07-20T21:28:46,2025-07-20T21:28:46,4630016,291562103,ğŸ’ª
59340967,2025-07-21T00:41:06,2025-07-21T00:41:06,531003,291566850,ğŸ¤©
59321734,2025-07-20T20:23:09,2025-07-20T20:23:09,531003,291566850,ğŸ™…â€â™‚ï¸
59322663,2025-07-20T20:37:29,2025-07-20T20:37:29,731782,291566850,ğŸ™…â€â™‚ï¸
59323721,2025-07-20T20:51:16,2025-07-20T20:51:16,1177597,291566850,ğŸ¤©
59320607,2025-07-20T20:04:31,2025-07-20T20:04:31,4441412,291566850,ğŸ™…â€â™‚ï¸
59319744,2025-07-20T19:50:04,2025-07-20T19:50:04,4629792,291566850,ğŸ™…â€â™‚ï¸
59320229,2025-07-20T19:58:42,2025-07-20T19:58:42,4630016,291566850,ğŸ™…â€â™‚ï¸
59322767,2025-07-20T20:38:36,2025-07-20T20:38:36,731782,291582710,ğŸ‘
59323751,2025-07-20T20:51:38,2025-07-20T20:51:38,1177597,291582710,ğŸ¥³
59322102,2025-07-20T20:28:51,2025-07-20T20:28:51,3432244,291582710,ğŸ¥³
59323198,2025-07-20T20:44:24,2025-07-20T20:44:24,4624187,291582710,â¤ï¸
59325850,2025-07-20T21:17:15,2025-07-20T21:17:15,4629792,291595318,ğŸ’ª
59389164,2025-07-21T15:56:34,2025-07-21T15:56:34,731782,291635469,ğŸ’ª
59447693,2025-07-21T22:47:51,2025-07-21T22:47:51,1644752,291635469,ğŸ’ª
59332032,2025-07-20T22:33:50,2025-07-20T22:33:50,3432244,291635469,ğŸ’ª
59331138,2025-07-20T22:21:55,2025-07-20T22:21:55,4441412,291635469,ğŸ’ª
59331328,2025-07-20T22:24:45,2025-07-20T22:24:45,4624187,291635469,ğŸ’ª
59330888,2025-07-20T22:18:57,2025-07-20T22:18:57,4629792,291635469,ğŸ’ª
59335817,2025-07-20T23:23:34,2025-07-20T23:23:34,4630016,291635469,ğŸ’ª
59389167,2025-07-21T15:56:38,2025-07-21T15:56:38,731782,291644524,ğŸ’ª
59335968,2025-07-20T23:25:58,2025-07-20T23:25:58,4629792,291644524,ğŸ’ª
59389156,2025-07-21T15:56:31,2025-07-21T15:56:31,731782,291663568,ğŸ’ª
59339599,2025-07-21T00:21:13,2025-07-21T00:21:13,1644752,291663568,ğŸ’ª
59342486,2025-07-21T01:04:31,2025-07-21T01:04:31,4624187,291663568,ğŸ’ª
59389142,2025-07-21T15:56:25,2025-07-21T15:56:25,731782,291685800,ğŸ‘
59340653,2025-07-21T00:36:50,2025-07-21T00:36:50,4562980,291685800,ğŸ‘
59342467,2025-07-21T01:04:20,2025-07-21T01:04:20,4624187,291685800,ğŸ‘
59421940,2025-07-21T20:56:46,2025-07-21T20:56:46,4653343,291685800,ğŸ‘
59389127,2025-07-21T15:56:19,2025-07-21T15:56:19,731782,291704043,ğŸ’ª
59351393,2025-07-21T09:23:00,2025-07-21T09:23:00,1644752,291704043,â¤ï¸â€ğŸ”¥
59369434,2025-07-21T12:33:59,2025-07-21T12:33:59,4624187,291704043,â¤ï¸â€ğŸ”¥
59343305,2025-07-21T01:20:12,2025-07-21T01:20:12,4629792,291704043,ğŸ’ª
59512177,2025-07-22T02:00:12,2025-07-22T02:00:12,4640490,291704043,ğŸ’ª
59389124,2025-07-21T15:56:18,2025-07-21T15:56:18,731782,291757967,ğŸ’ª
59354420,2025-07-21T10:08:43,2025-07-21T10:08:43,4629792,291757967,ğŸ’ª
59351463,2025-07-21T09:24:58,2025-07-21T09:24:58,4441412,291758449,ğŸ‘
59354423,2025-07-21T10:08:50,2025-07-21T10:08:50,4629792,291758449,ğŸ‘
59389082,2025-07-21T15:56:01,2025-07-21T15:56:01,731782,291759550,ğŸ‘
59447521,2025-07-21T22:47:16,2025-07-21T22:47:16,1644752,291759550,ğŸ‘
59408711,2025-07-21T19:13:26,2025-07-21T19:13:26,4633087,291759550,ğŸ‘
59447495,2025-07-21T22:47:12,2025-07-21T22:47:12,1644752,291762464,ğŸ‘
59352322,2025-07-21T09:40:42,2025-07-21T09:40:42,4629792,291762464,ğŸ™…â€â™‚ï¸
59352735,2025-07-21T09:46:19,2025-07-21T09:46:19,4630016,291762464,ğŸ’ª
59512135,2025-07-22T02:00:05,2025-07-22T02:00:05,4640490,291762464,ğŸ’ª
59389106,2025-07-21T15:56:12,2025-07-21T15:56:12,731782,291767494,ğŸ’ª
59353077,2025-07-21T09:50:50,2025-07-21T09:50:50,4441412,291767494,ğŸ‘
59352796,2025-07-21T09:47:17,2025-07-21T09:47:17,4630016,291767494,ğŸ’ª
59389092,2025-07-21T15:56:07,2025-07-21T15:56:07,731782,291783247,ğŸ‘
59447375,2025-07-21T22:46:46,2025-07-21T22:46:46,1644752,291783247,ğŸ‘
59354430,2025-07-21T10:08:57,2025-07-21T10:08:57,4629792,291783247,ğŸ’ª
59389050,2025-07-21T15:55:51,2025-07-21T15:55:51,731782,291786729,ğŸ‘
59355365,2025-07-21T10:19:33,2025-07-21T10:19:33,4441412,291786729,ğŸ‘
59357019,2025-07-21T10:39:23,2025-07-21T10:39:23,4629792,291786729,ğŸ’ª
59389070,2025-07-21T15:55:57,2025-07-21T15:55:57,731782,291867664,ğŸ‘
59475593,2025-07-22T00:06:39,2025-07-22T00:06:39,4637293,291867664,ğŸ‘
59389035,2025-07-21T15:55:45,2025-07-21T15:55:45,731782,291876237,ğŸ‘
59388055,2025-07-21T15:46:19,2025-07-21T15:46:19,1644752,291876237,ğŸ‘
59369389,2025-07-21T12:33:36,2025-07-21T12:33:36,4624187,291876237,â¤ï¸
59512027,2025-07-22T01:59:45,2025-07-22T01:59:45,4640490,291876237,ğŸ’ª
59388997,2025-07-21T15:55:26,2025-07-21T15:55:26,731782,291927907,ğŸ‘
59388029,2025-07-21T15:46:09,2025-07-21T15:46:09,1644752,291927907,ğŸ‘
59511996,2025-07-22T01:59:39,2025-07-22T01:59:39,4640490,291927907,ğŸ’ª
59450191,2025-07-21T22:56:40,2025-07-21T22:56:40,4653343,291927907,ğŸ¥‡
59389015,2025-07-21T15:55:36,2025-07-21T15:55:36,731782,291938318,ğŸ‘
59453299,2025-07-21T23:05:46,2025-07-21T23:05:46,4629792,291938318,ğŸ‘
59453339,2025-07-21T23:05:53,2025-07-21T23:05:53,4629792,291938318,ğŸ™…â€â™‚ï¸
59442907,2025-07-21T22:31:13,2025-07-21T22:31:13,731782,292250084,ğŸ‘
59447189,2025-07-21T22:46:06,2025-07-21T22:46:06,1644752,292250084,ğŸ‘
59464826,2025-07-21T23:37:53,2025-07-21T23:37:53,4630016,292250084,ğŸ‘
59470807,2025-07-21T23:53:52,2025-07-21T23:53:52,4653343,292250084,ğŸ‘
59442837,2025-07-21T22:31:00,2025-07-21T22:31:00,731782,292336988,ğŸ‘
59442876,2025-07-21T22:31:07,2025-07-21T22:31:07,731782,292390772,ğŸ¥°
59461436,2025-07-21T23:28:31,2025-07-21T23:28:31,3432244,292390772,ğŸ‘
59464628,2025-07-21T23:37:16,2025-07-21T23:37:16,4630016,292390772,ğŸ‘
59511912,2025-07-22T01:59:23,2025-07-22T01:59:23,4640490,292390772,ğŸ’ª
59450481,2025-07-21T22:57:28,2025-07-21T22:57:28,4653343,292390772,ğŸ‘
59447149,2025-07-21T22:45:56,2025-07-21T22:45:56,1644752,292426563,â¤ï¸â€ğŸ”¥
59511864,2025-07-22T01:59:11,2025-07-22T01:59:11,4640490,292426563,ğŸ’ª
59472491,2025-07-21T23:58:31,2025-07-21T23:58:31,731782,292456515,ğŸ‘
59511850,2025-07-22T01:59:06,2025-07-22T01:59:06,4640490,292456515,ğŸ’ª
59452757,2025-07-21T23:04:10,2025-07-21T23:04:10,4629792,292466041,ğŸ’ª
59464485,2025-07-21T23:36:50,2025-07-21T23:36:50,4630016,292466041,ğŸ’ª
59816134,2025-07-23T21:06:48,2025-07-23T21:06:48,4634966,292466041,ğŸ’ª
59472656,2025-07-21T23:59:04,2025-07-21T23:59:04,731782,292491982,ğŸ‘
59472694,2025-07-21T23:59:10,2025-07-21T23:59:10,731782,292513899,ğŸ‘
59472555,2025-07-21T23:58:46,2025-07-21T23:58:46,731782,292515917,ğŸ‘
59472596,2025-07-21T23:58:53,2025-07-21T23:58:53,731782,292526367,ğŸ‘
59464448,2025-07-21T23:36:44,2025-07-21T23:36:44,3432244,292526367,â¤ï¸
59472624,2025-07-21T23:58:58,2025-07-21T23:58:58,731782,292542136,ğŸ‘
59526977,2025-07-22T08:34:25,2025-07-22T08:34:25,512030,292548695,ğŸ‘
59472522,2025-07-21T23:58:37,2025-07-21T23:58:37,731782,292548695,ğŸ‘
59472737,2025-07-21T23:59:16,2025-07-21T23:59:16,731782,292567561,ğŸ‘
59472782,2025-07-21T23:59:23,2025-07-21T23:59:23,731782,292577939,ğŸ‘
59483772,2025-07-22T00:28:30,2025-07-22T00:28:30,4630016,292577939,ğŸ‘
59526308,2025-07-22T08:12:35,2025-07-22T08:12:35,731782,292583097,ğŸ‘
59484436,2025-07-22T00:30:18,2025-07-22T00:30:18,4630016,292583097,ğŸ‘
59526305,2025-07-22T08:12:30,2025-07-22T08:12:30,731782,292584296,ğŸ‘
59484371,2025-07-22T00:30:09,2025-07-22T00:30:09,4630016,292584296,ğŸ‘
59526301,2025-07-22T08:12:19,2025-07-22T08:12:19,731782,292629994,ğŸ‘
59484124,2025-07-22T00:29:37,2025-07-22T00:29:37,4630016,292629994,ğŸ’ª
59526297,2025-07-22T08:12:08,2025-07-22T08:12:08,731782,292634695,ğŸ‘
59641341,2025-07-22T22:28:53,2025-07-22T22:28:53,4562980,292669731,ğŸ‘
59641309,2025-07-22T22:28:47,2025-07-22T22:28:47,4562980,292669743,ğŸ‘
59526295,2025-07-22T08:12:00,2025-07-22T08:12:00,731782,292676103,ğŸ‘
59526289,2025-07-22T08:11:53,2025-07-22T08:11:53,731782,292705086,ğŸ‘
59526286,2025-07-22T08:11:46,2025-07-22T08:11:46,731782,292748778,ğŸ’ª
59511782,2025-07-22T01:58:38,2025-07-22T01:58:38,4640490,292748778,ğŸ’ª
59526285,2025-07-22T08:11:39,2025-07-22T08:11:39,731782,292773259,ğŸ‘
59526273,2025-07-22T08:11:30,2025-07-22T08:11:30,731782,292777645,ğŸ‘
59659174,2025-07-22T23:26:28,2025-07-22T23:26:28,731782,292824043,ğŸ‘
59531164,2025-07-22T09:39:53,2025-07-22T09:39:53,512030,292841645,ğŸ‘
59537665,2025-07-22T10:30:13,2025-07-22T10:30:13,4630016,292841645,ğŸ‘
59639046,2025-07-22T22:20:57,2025-07-22T22:20:57,4562980,292844441,ğŸ’ª
59659100,2025-07-22T23:26:18,2025-07-22T23:26:18,731782,292849258,ğŸ’ª
59638973,2025-07-22T22:20:42,2025-07-22T22:20:42,4562980,292849258,ğŸ’ª
59537694,2025-07-22T10:30:25,2025-07-22T10:30:25,4630016,292849258,ğŸ’ª
59659145,2025-07-22T23:26:24,2025-07-22T23:26:24,731782,292876114,ğŸ‘
59659080,2025-07-22T23:26:15,2025-07-22T23:26:15,731782,292972420,ğŸ’ª
59622329,2025-07-22T21:04:31,2025-07-22T21:04:31,4651194,292972420,ğŸ’ª
59659043,2025-07-22T23:26:11,2025-07-22T23:26:11,731782,293080380,ğŸ‘
59898206,2025-07-24T02:26:12,2025-07-24T02:26:12,1177597,293080380,ğŸ¤©
59576813,2025-07-22T14:56:24,2025-07-22T14:56:24,1644752,293080380,ğŸ‘
59640425,2025-07-22T22:25:42,2025-07-22T22:25:42,4629792,293080380,ğŸ‘
59638495,2025-07-22T22:18:41,2025-07-22T22:18:41,4629792,293415733,ğŸ’ª
59658930,2025-07-22T23:25:52,2025-07-22T23:25:52,731782,293443003,ğŸ’ª
59638899,2025-07-22T22:20:23,2025-07-22T22:20:23,4562980,293443003,ğŸ‘
59638470,2025-07-22T22:18:34,2025-07-22T22:18:34,4629792,293443003,ğŸ’ª
59658796,2025-07-22T23:25:31,2025-07-22T23:25:31,731782,293464011,ğŸ’ª
59647243,2025-07-22T22:49:22,2025-07-22T22:49:22,4624187,293464011,ğŸ’ª
59638401,2025-07-22T22:18:16,2025-07-22T22:18:16,4629792,293464011,ğŸ’ª
59655196,2025-07-22T23:14:30,2025-07-22T23:14:30,4630016,293464011,ğŸ’ª
59658859,2025-07-22T23:25:42,2025-07-22T23:25:42,731782,293465186,ğŸ‘
59658830,2025-07-22T23:25:36,2025-07-22T23:25:36,731782,293585291,ğŸ¥°
59898145,2025-07-24T02:25:51,2025-07-24T02:25:51,1177597,293585291,â¤ï¸â€ğŸ”¥
59661290,2025-07-22T23:32:13,2025-07-22T23:32:13,1644752,293585291,ğŸ¥°
59667873,2025-07-22T23:51:18,2025-07-22T23:51:18,4624187,293585291,ğŸ¥°
59658654,2025-07-22T23:25:10,2025-07-22T23:25:10,731782,293585615,ğŸ¥°
59898046,2025-07-24T02:25:08,2025-07-24T02:25:08,1177597,293585615,â¤ï¸â€ğŸ”¥
59661023,2025-07-22T23:31:21,2025-07-22T23:31:21,1644752,293585615,ğŸ¥°
59670580,2025-07-22T23:58:55,2025-07-22T23:58:55,4626095,293585615,ğŸ’ª
59698667,2025-07-23T01:19:55,2025-07-23T01:19:55,4640490,293585615,ğŸ’ª
59658899,2025-07-22T23:25:48,2025-07-22T23:25:48,731782,293589541,ğŸ¥°
59898173,2025-07-24T02:26:01,2025-07-24T02:26:01,1177597,293589541,â¤ï¸â€ğŸ”¥
59667944,2025-07-22T23:51:30,2025-07-22T23:51:30,4624187,293589541,ğŸ¥°
59658539,2025-07-22T23:24:52,2025-07-22T23:24:52,731782,293590236,ğŸ‘
59898072,2025-07-24T02:25:19,2025-07-24T02:25:19,1177597,293590236,â¤ï¸â€ğŸ”¥
59661061,2025-07-22T23:31:31,2025-07-22T23:31:31,1644752,293590236,â¤ï¸â€ğŸ”¥
59667524,2025-07-22T23:50:24,2025-07-22T23:50:24,4624187,293590236,ğŸ‘
59670606,2025-07-22T23:58:58,2025-07-22T23:58:58,4626095,293590236,ğŸ’ª
59667440,2025-07-22T23:50:10,2025-07-22T23:50:10,4629792,293590236,ğŸ‘
59698645,2025-07-23T01:19:51,2025-07-23T01:19:51,4640490,293590236,ğŸ’ª
59677534,2025-07-23T00:16:57,2025-07-23T00:16:57,193425,293595466,ğŸ’ª
59658365,2025-07-22T23:24:20,2025-07-22T23:24:20,731782,293595466,ğŸ‘
59653593,2025-07-22T23:09:24,2025-07-22T23:09:24,4629792,293595466,ğŸ™…â€â™‚ï¸
59655016,2025-07-22T23:13:56,2025-07-22T23:13:56,4630016,293595466,ğŸ™…â€â™‚ï¸
59653496,2025-07-22T23:08:58,2025-07-22T23:08:58,4629792,293595603,ğŸ™…â€â™‚ï¸
59658689,2025-07-22T23:25:15,2025-07-22T23:25:15,731782,293595621,ğŸ‘
59667758,2025-07-22T23:51:00,2025-07-22T23:51:00,4629792,293595621,ğŸ‘
59658290,2025-07-22T23:24:09,2025-07-22T23:24:09,731782,293597015,ğŸ‘
59667430,2025-07-22T23:50:09,2025-07-22T23:50:09,4624187,293597015,ğŸ‘
59658201,2025-07-22T23:23:52,2025-07-22T23:23:52,731782,293617525,ğŸ‘
59667254,2025-07-22T23:49:36,2025-07-22T23:49:36,4629792,293617525,ğŸ‘
59726583,2025-07-23T09:22:29,2025-07-23T09:22:29,731782,293640113,ğŸ’ª
59660970,2025-07-22T23:31:10,2025-07-22T23:31:10,1644752,293640113,â¤ï¸â€ğŸ”¥
59667793,2025-07-22T23:51:05,2025-07-22T23:51:05,4624187,293640113,â¤ï¸â€ğŸ”¥
59667553,2025-07-22T23:50:29,2025-07-22T23:50:29,4629792,293640113,ğŸ’ª
59698687,2025-07-23T01:19:58,2025-07-23T01:19:58,4640490,293640113,ğŸ’ª
59726590,2025-07-23T09:22:34,2025-07-23T09:22:34,731782,293655912,ğŸ™…â€â™‚ï¸
59667189,2025-07-22T23:49:25,2025-07-22T23:49:25,1644752,293655912,â¤ï¸â€ğŸ”¥
59667184,2025-07-22T23:49:24,2025-07-22T23:49:24,4629792,293655912,ğŸ™…â€â™‚ï¸
59726555,2025-07-23T09:22:08,2025-07-23T09:22:08,731782,293692899,â¤ï¸
59897905,2025-07-24T02:24:18,2025-07-24T02:24:18,1177597,293692899,â¤ï¸
59734596,2025-07-23T10:34:16,2025-07-23T10:34:16,1644752,293692899,â¤ï¸
59681732,2025-07-23T00:29:06,2025-07-23T00:29:06,4624187,293692899,â¤ï¸
59733293,2025-07-23T10:24:37,2025-07-23T10:24:37,4640490,293692899,ğŸ’ª
59726549,2025-07-23T09:22:05,2025-07-23T09:22:05,731782,293720162,ğŸ’ª
59734513,2025-07-23T10:33:45,2025-07-23T10:33:45,1644752,293720162,â¤ï¸
59681663,2025-07-23T00:28:55,2025-07-23T00:28:55,4624187,293720162,â¤ï¸
59698515,2025-07-23T01:19:26,2025-07-23T01:19:26,4640490,293720162,ğŸ’ª
59726539,2025-07-23T09:22:00,2025-07-23T09:22:00,731782,293722641,ğŸ‘
59726564,2025-07-23T09:22:12,2025-07-23T09:22:12,731782,293728490,ğŸ‘
59726531,2025-07-23T09:21:55,2025-07-23T09:21:55,731782,293730900,ğŸ’ª
59677881,2025-07-23T00:17:58,2025-07-23T00:17:58,4629792,293730900,ğŸ’ª
59726624,2025-07-23T09:22:52,2025-07-23T09:22:52,731782,293799486,ğŸ‘
59726528,2025-07-23T09:21:52,2025-07-23T09:21:52,731782,293833596,â¤ï¸
59702371,2025-07-23T01:32:23,2025-07-23T01:32:23,4624187,293833596,â¤ï¸
59726502,2025-07-23T09:21:31,2025-07-23T09:21:31,731782,293896758,ğŸ‘
59726572,2025-07-23T09:22:17,2025-07-23T09:22:17,731782,293905750,ğŸ‘
59726514,2025-07-23T09:21:44,2025-07-23T09:21:44,731782,293906860,ğŸ‘
59726522,2025-07-23T09:21:49,2025-07-23T09:21:49,731782,293907996,ğŸ‘
59725622,2025-07-23T09:08:22,2025-07-23T09:08:22,900220,293936115,ğŸ‘Š
59897695,2025-07-24T02:23:15,2025-07-24T02:23:15,1177597,293936115,ğŸ‘
59727324,2025-07-23T09:31:14,2025-07-23T09:31:14,4562980,293936115,ğŸ’ª
59826638,2025-07-23T22:01:42,2025-07-23T22:01:42,900220,293940486,ğŸ’ª
59727291,2025-07-23T09:30:49,2025-07-23T09:30:49,4562980,293940486,ğŸ’ª
59826574,2025-07-23T22:01:25,2025-07-23T22:01:25,900220,293946469,ğŸ‘
59897787,2025-07-24T02:23:45,2025-07-24T02:23:45,1177597,293946469,ğŸ˜
59897812,2025-07-24T02:23:51,2025-07-24T02:23:51,1177597,293946469,â¤ï¸â€ğŸ”¥
59734543,2025-07-23T10:33:55,2025-07-23T10:33:55,1644752,293946469,ğŸ‘
59727310,2025-07-23T09:31:04,2025-07-23T09:31:04,4562980,293946469,ğŸ‘
59733897,2025-07-23T10:29:37,2025-07-23T10:29:37,4630016,293946469,ğŸ‘
59733917,2025-07-23T10:29:47,2025-07-23T10:29:47,4630016,293957181,ğŸ’ª
59873131,2025-07-24T00:39:32,2025-07-24T00:39:32,731782,293963127,ğŸ‘
59872930,2025-07-24T00:38:56,2025-07-24T00:38:56,731782,294070621,ğŸ‘
59896663,2025-07-24T02:16:23,2025-07-24T02:16:23,1177597,294405202,ğŸ¤«
59872672,2025-07-24T00:38:08,2025-07-24T00:38:08,731782,294460897,ğŸ‘
59897561,2025-07-24T02:22:29,2025-07-24T02:22:29,1177597,294460897,ğŸ’ª
59821201,2025-07-23T21:34:45,2025-07-23T21:34:45,4630016,294460897,ğŸ‘
59872710,2025-07-24T00:38:16,2025-07-24T00:38:16,731782,294518774,ğŸ‘
59872611,2025-07-24T00:38:01,2025-07-24T00:38:01,731782,294523600,ğŸ‘
59858547,2025-07-23T23:55:43,2025-07-23T23:55:43,4629792,294523600,ğŸ‘
59841206,2025-07-23T22:58:49,2025-07-23T22:58:49,4630016,294523600,ğŸ‘
59872572,2025-07-24T00:37:54,2025-07-24T00:37:54,731782,294600414,ğŸ‘
59872526,2025-07-24T00:37:43,2025-07-24T00:37:43,731782,294620806,ğŸ‘
59841159,2025-07-23T22:58:37,2025-07-23T22:58:37,4630016,294620806,ğŸ‘
59872640,2025-07-24T00:38:04,2025-07-24T00:38:04,731782,294633023,ğŸ‘
59897526,2025-07-24T02:22:14,2025-07-24T02:22:14,1177597,294633023,â¤ï¸â€ğŸ”¥
59841265,2025-07-23T22:59:02,2025-07-23T22:59:02,4630016,294633023,ğŸ‘
59872264,2025-07-24T00:36:51,2025-07-24T00:36:51,731782,294658889,ğŸ™…â€â™‚ï¸
59858414,2025-07-23T23:55:16,2025-07-23T23:55:16,4629792,294658889,ğŸ™…â€â™‚ï¸
59872476,2025-07-24T00:37:33,2025-07-24T00:37:33,731782,294660940,ğŸ¥°
59897455,2025-07-24T02:21:45,2025-07-24T02:21:45,1177597,294660940,â¤ï¸â€ğŸ”¥
59843183,2025-07-23T23:05:31,2025-07-23T23:05:31,698095,294665287,â¤ï¸â€ğŸ”¥
59872416,2025-07-24T00:37:21,2025-07-24T00:37:21,731782,294665287,â¤ï¸â€ğŸ”¥
59852584,2025-07-23T23:36:41,2025-07-23T23:36:41,900220,294665287,â¤ï¸â€ğŸ”¥
59851602,2025-07-23T23:33:29,2025-07-23T23:33:29,1177597,294665287,â¤ï¸â€ğŸ”¥
59847265,2025-07-23T23:19:02,2025-07-23T23:19:02,1644752,294665287,â¤ï¸â€ğŸ”¥
59872453,2025-07-24T00:37:27,2025-07-24T00:37:27,731782,294687139,ğŸ¥°
59872300,2025-07-24T00:37:00,2025-07-24T00:37:00,731782,294717345,ğŸ‘
59922357,2025-07-24T11:08:27,2025-07-24T11:08:27,1644752,294717345,â¤ï¸â€ğŸ”¥
59872323,2025-07-24T00:37:05,2025-07-24T00:37:05,731782,294721542,ğŸ‘
59897289,2025-07-24T02:20:50,2025-07-24T02:20:50,1177597,294721542,ğŸ’ª
59872119,2025-07-24T00:36:25,2025-07-24T00:36:25,731782,294755037,ğŸ‘
59897075,2025-07-24T02:19:24,2025-07-24T02:19:24,1177597,294755037,â¤ï¸â€ğŸ”¥
59922338,2025-07-24T11:08:20,2025-07-24T11:08:20,1644752,294755037,â¤ï¸â€ğŸ”¥
59872086,2025-07-24T00:36:18,2025-07-24T00:36:18,731782,294763684,ğŸ’ª
59860331,2025-07-24T00:01:01,2025-07-24T00:01:01,4629792,294763684,ğŸ’ª
59860110,2025-07-24T00:00:23,2025-07-24T00:00:23,4630016,294763684,ğŸ’ª
59871943,2025-07-24T00:35:52,2025-07-24T00:35:52,731782,294769418,ğŸ‘
59871514,2025-07-24T00:34:26,2025-07-24T00:34:26,900220,294769418,ğŸš€
59878861,2025-07-24T00:57:45,2025-07-24T00:57:45,4441412,294769418,ğŸ‘
59911093,2025-07-24T09:40:52,2025-07-24T09:40:52,4630016,294769418,ğŸ‘
59872283,2025-07-24T00:36:56,2025-07-24T00:36:56,731782,294777045,ğŸ‘
59872387,2025-07-24T00:37:18,2025-07-24T00:37:18,731782,294777095,ğŸ‘
59872495,2025-07-24T00:37:38,2025-07-24T00:37:38,731782,294804965,ğŸ‘
59897397,2025-07-24T02:21:29,2025-07-24T02:21:29,1177597,294804965,â¤ï¸â€ğŸ”¥
59872231,2025-07-24T00:36:46,2025-07-24T00:36:46,731782,294808162,ğŸ‘
59878543,2025-07-24T00:56:43,2025-07-24T00:56:43,4632896,294808162,ğŸ‘
59871895,2025-07-24T00:35:45,2025-07-24T00:35:45,731782,294808907,ğŸ‘
59897008,2025-07-24T02:18:50,2025-07-24T02:18:50,1177597,294808907,â¤ï¸â€ğŸ”¥
59922319,2025-07-24T11:08:15,2025-07-24T11:08:15,1644752,294808907,â¤ï¸â€ğŸ”¥
59871866,2025-07-24T00:35:39,2025-07-24T00:35:39,731782,294814053,ğŸ‘
59872363,2025-07-24T00:37:13,2025-07-24T00:37:13,731782,294818204,ğŸ‘
59878666,2025-07-24T00:57:06,2025-07-24T00:57:06,4441412,294818204,ğŸ‘
59876015,2025-07-24T00:48:50,2025-07-24T00:48:50,4629792,294818204,ğŸ‘
59878731,2025-07-24T00:57:17,2025-07-24T00:57:17,4441412,294850034,ğŸ‘
59907256,2025-07-24T08:16:41,2025-07-24T08:16:41,731782,294851787,ğŸ‘
59910286,2025-07-24T09:29:40,2025-07-24T09:29:40,731782,294905899,ğŸ‘
59896959,2025-07-24T02:18:34,2025-07-24T02:18:34,1177597,294905899,â¤ï¸â€ğŸ”¥
59922310,2025-07-24T11:08:11,2025-07-24T11:08:11,1644752,294905899,â¤ï¸â€ğŸ”¥
60025704,2025-07-24T23:44:51,2025-07-24T23:44:51,731782,294988808,ğŸ‘
59919474,2025-07-24T10:49:50,2025-07-24T10:49:50,900220,294996058,ğŸ’ª
60051802,2025-07-25T01:21:22,2025-07-25T01:21:22,4640490,294996058,ğŸ’ª
60025637,2025-07-24T23:44:32,2025-07-24T23:44:32,731782,295004120,ğŸ‘
59919573,2025-07-24T10:50:31,2025-07-24T10:50:31,900220,295004120,ğŸ‘
60025606,2025-07-24T23:44:26,2025-07-24T23:44:26,731782,295111708,ğŸ‘
60025316,2025-07-24T23:43:29,2025-07-24T23:43:29,731782,295495302,ğŸ‘
60038914,2025-07-25T00:29:48,2025-07-25T00:29:48,4630016,295495302,ğŸ‘
60025349,2025-07-24T23:43:36,2025-07-24T23:43:36,731782,295495821,ğŸ‘
60025370,2025-07-24T23:43:40,2025-07-24T23:43:40,731782,295548861,ğŸ‘
60025286,2025-07-24T23:43:21,2025-07-24T23:43:21,731782,295584217,ğŸ¥°
60025058,2025-07-24T23:42:30,2025-07-24T23:42:30,731782,295589996,ğŸ‘
60024974,2025-07-24T23:42:12,2025-07-24T23:42:12,731782,295644980,ğŸ‘
60025211,2025-07-24T23:43:03,2025-07-24T23:43:03,731782,295648700,â¤ï¸
60018100,2025-07-24T23:17:11,2025-07-24T23:17:11,4624187,295648700,â¤ï¸
60051704,2025-07-25T01:21:02,2025-07-25T01:21:02,4640490,295648700,ğŸ’ª
60025188,2025-07-24T23:42:59,2025-07-24T23:42:59,731782,295650786,â¤ï¸â€ğŸ”¥
60014623,2025-07-24T23:03:10,2025-07-24T23:03:10,1644752,295650786,â¤ï¸â€ğŸ”¥
60018049,2025-07-24T23:17:03,2025-07-24T23:17:03,4624187,295650786,â¤ï¸â€ğŸ”¥
60051683,2025-07-25T01:20:56,2025-07-25T01:20:56,4640490,295650786,ğŸ’ª
60018163,2025-07-24T23:17:25,2025-07-24T23:17:25,4624187,295650926,â¤ï¸
60025392,2025-07-24T23:43:44,2025-07-24T23:43:44,731782,295650932,â¤ï¸â€ğŸ”¥
60014735,2025-07-24T23:03:43,2025-07-24T23:03:43,1644752,295650932,â¤ï¸â€ğŸ”¥
60018131,2025-07-24T23:17:18,2025-07-24T23:17:18,4624187,295650932,â¤ï¸â€ğŸ”¥
60021531,2025-07-24T23:30:42,2025-07-24T23:30:42,698095,295651807,â¤ï¸â€ğŸ”¥
60025166,2025-07-24T23:42:55,2025-07-24T23:42:55,731782,295651807,â¤ï¸â€ğŸ”¥
60015180,2025-07-24T23:05:29,2025-07-24T23:05:29,1644752,295651807,â¤ï¸â€ğŸ”¥
60018009,2025-07-24T23:16:56,2025-07-24T23:16:56,4624187,295651807,â¤ï¸â€ğŸ”¥
60051673,2025-07-25T01:20:53,2025-07-25T01:20:53,4640490,295651807,ğŸ’ª
60024816,2025-07-24T23:41:44,2025-07-24T23:41:44,731782,295652237,ğŸ’ª
60023162,2025-07-24T23:36:39,2025-07-24T23:36:39,4629792,295652237,ğŸ’ª
60024658,2025-07-24T23:41:13,2025-07-24T23:41:13,731782,295677553,ğŸ‘
60025582,2025-07-24T23:44:21,2025-07-24T23:44:21,731782,295679763,ğŸ§
60051755,2025-07-25T01:21:13,2025-07-25T01:21:13,4640490,295679763,ğŸ’ª
60025239,2025-07-24T23:43:10,2025-07-24T23:43:10,731782,295694541,ğŸ‘
60051694,2025-07-25T01:21:00,2025-07-25T01:21:00,4640490,295694541,ğŸ’ª
60024706,2025-07-24T23:41:21,2025-07-24T23:41:21,731782,295699993,ğŸ’ª
60021998,2025-07-24T23:32:24,2025-07-24T23:32:24,1644752,295699993,ğŸ’ª
60051643,2025-07-25T01:20:46,2025-07-25T01:20:46,4640490,295699993,ğŸ’ª
60024620,2025-07-24T23:41:08,2025-07-24T23:41:08,731782,295700683,ğŸ‘
60046291,2025-07-25T00:58:43,2025-07-25T00:58:43,1177597,295700683,â¤ï¸â€ğŸ”¥
60021973,2025-07-24T23:32:19,2025-07-24T23:32:19,1644752,295700683,â¤ï¸â€ğŸ”¥
60021976,2025-07-24T23:32:19,2025-07-24T23:32:19,3432244,295700683,ğŸ‘
60051632,2025-07-25T01:20:42,2025-07-25T01:20:42,4640490,295700683,ğŸ’ª
60025013,2025-07-24T23:42:20,2025-07-24T23:42:20,731782,295704144,ğŸ‘
60038499,2025-07-25T00:28:24,2025-07-25T00:28:24,4630016,295755122,ğŸ‘
60046335,2025-07-25T00:58:56,2025-07-25T00:58:56,4630016,295804739,ğŸ’ª
60046245,2025-07-25T00:58:31,2025-07-25T00:58:31,1177597,295806282,ğŸ’ª
60051597,2025-07-25T01:20:30,2025-07-25T01:20:30,4640490,295806282,ğŸ’ª
60061697,2025-07-25T02:17:18,2025-07-25T02:17:18,531003,295818434,ğŸ‘
60061693,2025-07-25T02:17:17,2025-07-25T02:17:17,531003,295818434,â¤ï¸â€ğŸ”¥
60046124,2025-07-25T00:58:04,2025-07-25T00:58:04,1177597,295818434,â¤ï¸â€ğŸ”¥
60048134,2025-07-25T01:05:56,2025-07-25T01:05:56,4441412,295818434,ğŸ‘
60046395,2025-07-25T00:59:10,2025-07-25T00:59:10,4630016,295818434,ğŸ‘
60052198,2025-07-25T01:23:02,2025-07-25T01:23:02,4441412,295853250,ğŸ‘
60062538,2025-07-25T02:24:27,2025-07-25T02:24:27,4630016,295872773,ğŸ‘
